id,name,description,category,difficulty,region,lat,lon,duration,distance_km,base_visits,family_friendly,dog_friendly,accessible,has_water,price_type,season,duration_hours,official_url
tiuli-287,אבו כביר –מסלול עירוני המשלב טבע,"יעד טיול בטבע פתוח במרכז הארץ — מסלול באורך כ-2.5 ק""מ, רמת קושי קלה.",nature,easy,center,32.0480689,34.7691394999999,כחצי שעה,2.5,605,false,false,false,false,free,,,
lm-35d07a86,אגם מים בפארק יצחק נבון ירוחם,אגם מים בפארק יצחק נבון ירוחם — טיול / נקודת עניין באזור דרום / נגב וערבה,nature,easy,south,30.988861,34.902722,,0,0,true,false,false,false,free,,,https://www.kkl.org.il/travel/trips/itineraries_for_families/itineraries_for_families_south/
agmon-hula,אגמון החולה,"אתר-ביקורים פעיל בלב עמק החולה, המציע צפייה מקרוב במיליוני עופות נודדים (בעיקר עגורים) העוברים בו כל חורף - סיורי רכבי-גולף, אופניים והליכה לאורך בריכות ומצפורים.",nature,easy,north,33.1108438,35.5860665,שעתיים-שלוש,3,200,true,false,true,true,paid,,2.5,
lm-adaf56f5,אגמון החולה,אגמון החולה — טיול / נקודת עניין באזור צפון,water,easy,north,33.103195,35.6076923,,0,0,true,false,false,true,free,,,https://www.kkl.org.il/travel/trips/itineraries_for_families/itineraries_for_families_north/
tiuli-111,אדמונית החורש בהר הלל,"מסלול טיול במסלול הררי, בצפון הארץ, באורך כ-4 ק""מ ברמת קושי בינונית.",mountains,medium,north,32.9634,35.4201,כשעה,4,1337,false,false,false,false,free,,,
tiuli-37,אירוס הארגמן בגבעת חומרה,"טיול במסלול הררי במרכז הארץ, באורך של כ-1 ק""מ ברמת קושי קלה.",mountains,easy,center,31.9356,34.745,כחצי שעה,1,2557,false,false,false,false,free,,,
tiuli-126,אלוני אבא ובית לחם הגלילית,"מסלול טיול בטבע פתוח, בצפון הארץ, באורך כ-2 ק""מ ברמת קושי קלה.",nature,easy,north,32.7361,35.1902,כחצי שעה,2,2252,false,false,false,false,free,,,
tiuli-9,אמות המים לקיסריה - פארק אלונה ועוד אטרקציות באזור,"מסלול טיול בטבע פתוח, במרכז הארץ, באורך כ-10 ק""מ ברמת קושי קלה.",nature,easy,center,32.5547,35.0065,כ-3 שעות,10,849,false,false,false,false,free,,,
tiuli-34,אנדרטת גדוד 77 - עמק הבכא,"טיול בטבע פתוח בצפון הארץ, באורך של כ-3 ק""מ ברמת קושי בינונית.",nature,medium,north,33.1768,35.7969,כחצי שעה,3,2374,false,false,false,false,free,,,
lm-02b75f25,אתר ההנצחה לשיירת יחיעם,אתר ההנצחה לשיירת יחיעם — טיול / נקודת עניין באזור צפון,heritage,easy,north,32.99405,35.1356417,,0,0,true,false,false,false,free,,,https://www.kkl.org.il/travel/trips/itineraries_for_families/itineraries_for_families_north/
tiuli-144,אתרים מוסלמים בירושלים,"מסלול טיול בטבע פתוח, בהרי ירושלים, באורך כ-3 ק""מ ברמת קושי קלה.",nature,easy,jerusalem,31.778,35.2293,כחצי שעה,3,483,false,false,false,false,free,,,
tiuli-27,אתרים מקודשים במערב הכנרת,"מסלול טיול בטבע פתוח, בצפון הארץ, באורך כ-2 ק""מ ברמת קושי קלה.",nature,easy,north,32.8446,35.5247,כחצי שעה,2,1947,false,false,false,false,free,,,
beer-abba,באר אבא,"באר אבן עגולה ועתיקה, מוקפת ירק ושדות פתוחים בין המושבות אלוני אבא ובית לחם הגלילית בעמק יזרעאל, עם מים צלולים הנובעים מהאדמה.",water,easy,north,32.7197222,35.1686111,עד חצי שעה,0.5,90,true,false,false,true,free,,0.5,https://www.maslulim-israel.co.il/tracks/%d7%91%d7%90%d7%a8-%d7%90%d7%91%d7%90-%d7%91%d7%90%d7%a8-%d7%9e%d7%99%d7%9d-%d7%a2%d7%92%d7%95%d7%9c%d7%94-%d7%95%d7%a0%d7%a1%d7%aa%d7%a8%d7%aa-%d7%91%d7%99%d7%9f-%d7%a9%d7%93%d7%95%d7%aa-%d7%a2/
lm-3235d4ba,באר צקלג שביער להב,באר צקלג שביער להב — יער / מסלול באזור דרום / נגב וערבה,nature,easy,south,31.38967,34.85325,,0,0,true,false,false,false,free,,,https://www.kkl.org.il/travel/trips/itineraries_for_families/itineraries_for_families_south/
lm-dbf7b48c,באר רבובה,באר רבובה — באר / בור מים באזור נגב / באר שבע והר הנגב,nature,easy,south,31.256611,34.488218,,0,0,true,false,false,false,free,,,https://www.geonames.org/advanced-search.html?country=IL&q=Israeli
tiuli-19,באר שבע - אתרים מומלצים בבירת הנגב,"טיול בטבע פתוח בנגב ובדרום הארץ, באורך של כ-3 ק""מ ברמת קושי קלה.",nature,easy,south,31.2369,34.7926,כחצי שעה,3,1459,false,false,false,false,free,,,
beer-shem-tov,באר שם טוב,"באר עתיקה ומשוחזרת בשמורת שבע במרכז הארץ, מוקפת עצים - אתר-מים היסטורי ושקט לביקור קליל.",water,easy,center,31.5604725,34.9355394,כחצי שעה,0.5,68,true,false,false,true,free,,0.5,
lm-bf1b4b9f,בארות יצחק הישנה,בארות יצחק הישנה — טיול / נקודת עניין באזור דרום / נגב וערבה,heritage,easy,south,31.46086,34.50034,,0,0,true,false,false,false,free,,,https://www.kkl.org.il/travel/trips/itineraries_for_families/itineraries_for_families_south/
tiuli-330,בדרך לנוף וזרימות נחלים: טיול 4X4 בגליל תחתון מזרחי,"מסלול טיול לאורך נחל ומקווי מים, בצפון הארץ, באורך כ-45 ק""מ ברמת קושי בינונית.",water,medium,north,32.5095714,35.4750001,כ-14 שעות,45,361,false,false,false,false,free,,,
tiuli-119,בורות לוץ,"יעד טיול בטבע פתוח בנגב ובדרום הארץ — מסלול באורך כ-10 ק""מ, רמת קושי בינונית.",nature,medium,south,30.5144,34.6104,כ-3 שעות,10,1825,false,false,false,false,free,,,
tiuli-285,במורד אלף מדרגות חיפה: ממרכז הכרמל למושבה הגרמנית,"מסלול טיול בטבע פתוח, בצפון הארץ, באורך כ-5 ק""מ ברמת קושי קלה.",nature,easy,north,32.8089888,34.9862247999999,כ-2 שעות,5,483,false,false,false,false,free,,,
tiuli-282,בנימינה: טיול במושבה של פעם,"מסלול טיול בטבע פתוח, בצפון הארץ, באורך כ-2 ק""מ ברמת קושי קלה.",nature,easy,north,32.520712,34.9504902,כחצי שעה,2,300,false,false,false,false,free,,,
tiuli-105,בעקבות אוצרות המקדש בנחל עכברה,"מסלול טיול לאורך נחל ומקווי מים, בצפון הארץ, באורך כ-10 ק""מ ברמת קושי בינונית.",water,medium,north,32.9389,35.4959,כ-3 שעות,10,971,false,false,false,false,free,,,
tiuli-109,בעקבות אירוס הגלבוע להר ברקן,"טיול במסלול הררי בצפון הארץ, באורך של כ-2 ק""מ ברמת קושי קלה.",mountains,easy,north,32.5115,35.4084,כחצי שעה,2,1215,false,false,false,false,free,,,
tiuli-108,בעקבות משמרות הכהונה בגליל,"מסלול טיול בטבע פתוח, בצפון הארץ, באורך כ-3 ק""מ ברמת קושי קלה.",nature,easy,north,32.7505,35.2841,כחצי שעה,3,1154,false,false,false,false,free,,,
tiuli-26,"בקעת כורסי, נחל עין-גב וסוסיתא","יעד טיול לאורך נחל ומקווי מים בצפון הארץ — מסלול באורך כ-3 ק""מ, רמת קושי בינונית.",water,medium,north,32.8267,35.6503,כחצי שעה,3,1886,false,false,false,false,free,,,
tiuli-83,בקעת תמנע,"יעד טיול בטבע פתוח בנגב ובדרום הארץ — מסלול באורך כ-3 ק""מ, רמת קושי בינונית.",nature,medium,south,29.7877,34.9952,כחצי שעה,3,2496,false,false,false,false,free,,,
ein-tzurim-pools,בריכות עין צורים,"שלוש בריכות שכשוך קטנות ומוצלות למרגלות היישוב ראש צורים בגוש עציון, ביניהן בריכה חצובה בסלע בתוך מערה קטנה - פינת חמד רגועה למשפחות.",water,easy,jerusalem,31.66808,35.124606,עד חצי שעה,0.3,70,true,false,false,true,free,,0.3,https://www.maslulim-israel.co.il/tracks/%d7%91%d7%a8%d7%99%d7%9b%d7%95%d7%aa-%d7%a2%d7%99%d7%9f-%d7%a6%d7%95%d7%a8%d7%99%d7%9d-%d7%9e%d7%a2%d7%99%d7%99%d7%9f-%d7%95%d7%a4%d7%99%d7%a0%d7%aa-%d7%97%d7%9e%d7%93-%d7%9e%d7%95%d7%a6%d7%9c%d7%aa/
brechat-gidona,בריכת גדעונה (חורשת גדעון),"בריכת-מעיין בתוך חורשה ירוקה בעמק חרוד, אזור טיולים רגליים שקט הרחוק מהעומס של אתרי-הדגל בעמק.",water,easy,north,32.5500474,35.3655649,שעה,1,250,true,false,false,true,free,,1,
lm-a68a19b8,בריכת המשושים,בריכת המשושים — מעיין / מקור מים באזור צפון / גולן וחרמון,water,easy,north,32.833,35.705,,0,0,true,false,false,true,free,,,https://www.geonames.org/advanced-search.html?country=IL&q=Israeli
lm-67603244,בריכת הקשתות רמלה,בריכת הקשתות רמלה — מעיין / מקור מים באזור מרכז / גוש דן ואתרים עירוניים,water,easy,center,31.9304,34.8733,,0,0,true,false,false,true,free,,,https://www.geonames.org/advanced-search.html?country=IL&q=Israeli
birkat-ram,ברכת רם,"אגם טבעי בלוע הר-געש כבוי ברמת הגולן, עם מים ממעיין תת-קרקעי ולעיתים גם הזרמת-מים-חמים מצינור - נוף מרהיב אל הר החרמון. הגישה למקטע המים-החמים קשה ובוצית.",water,medium,north,33.2325,35.7661111,שעה,1,169,false,false,false,true,free,winter,1,
tiuli-94,בתי אפנדים בגליל המערבי,"טיול בטבע פתוח בצפון הארץ, באורך של כ-2 ק""מ ברמת קושי בינונית.",nature,medium,north,33.005,35.0992,כחצי שעה,2,300,false,false,false,false,free,,,
gev-halon,גב חלון,"גב-מים טבעי בשמורת עין גדי, עם בריכת-סלע צלולה בתוך נוף-מדברי דרמטי - יעד מרשים בתוך מערכת הנחלים של השמורה.",water,medium,deadsea,31.472478,35.3828,שעתיים,3,30,false,false,false,true,paid,,2,
tiuli-57,גבעות מע'אר,"מסלול טיול בטבע פתוח, במרכז הארץ, באורך כ-4 ק""מ ברמת קושי קלה.",nature,easy,center,31.8419,34.7879,כשעה,4,910,false,false,false,false,free,,,
lm-bbd1565f,גבעת המורה,גבעת המורה — נקודת עניין / טיול באזור צפון / גליל תחתון עמקים וגלבוע,viewpoints,easy,north,32.6177,35.3489,,0,0,true,false,false,false,free,,,https://www.geonames.org/advanced-search.html?country=IL&q=Israeli
tiuli-329,גבעת חרוט,"יעד טיול במסלול הררי בנגב ובדרום הארץ — מסלול באורך כ-2.5 ק""מ, רמת קושי קלה.",mountains,easy,south,30.6025,34.9347222,כחצי שעה,2.5,300,false,false,false,false,free,,,
gamla,גמלא,"עיר יהודית עתיקה על רכס תלול בגולן, המכונה ""מצדה של הצפון"", ומקום קינון לנשרים.",archaeology,medium,north,32.9047,35.7469,2.5 שעות,3.7,9100,false,false,false,false,free,,,
adullam-france-park,גן ארכיאולוגי פארק עדולם-צרפת,"פארק יער בשפלת יהודה המשלב שרידים ארכיאולוגיים (בהם חורבת עתרי) עם שבילי-הליכה ואתרי-פיקניק - נטוע בשיתוף קרן היהודים בצרפת, ומציע נוף פתוח על גבעות השפלה.",archaeology,easy,center,31.644743,34.960909,שעה-שעתיים,2,80,true,true,false,false,free,,1.5,
gan-hashlosha,גן השלושה (סחנה),"אחד מאתרי-הרחצה הפופולריים ביותר בישראל - בריכות מים חמימים טבעיים (כ-28 מעלות כל השנה) הזורמים במפלים קטנים בין דשא ירוק, לרגלי הגלבוע. כולל גם מוזיאון ארכיאולוגי בשטח.",water,easy,north,32.507101,35.44552,שעתיים-שלוש,1,300,true,false,true,true,paid,,2.5,
tiuli-16,גן לאומי אפולוניה: תל ארשף,"טיול באתר ארכיאולוגי במרכז הארץ, באורך של כ-2 ק""מ ברמת קושי קלה.",archaeology,easy,center,32.1906,34.808,כחצי שעה,2,1276,false,false,false,false,free,,,
ashkelon-national-park,גן לאומי אשקלון,"גן לאומי חופי הפרוש על שרידי העיר הכנענית-פלישתית-רומית העתיקה של אשקלון, עם חומות עפר עתיקות, שרידי שער כנעני ותצפית אל חוף הים התיכון - שילוב של ארכיאולוגיה ונופש-חוף.",archaeology,easy,center,31.662477,34.546367,שעה-שעתיים,2.5,200,true,false,false,true,paid,,1.5,
beit-alfa,גן לאומי בית אלפא,"בית-כנסת עתיק מהתקופה הביזנטית לרגלי הגלבוע, המפורסם בזכות רצפת הפסיפס המרהיבה והמשומרת היטב שלו - גלגל המזלות, ארון הקודש ותיאור עקדת יצחק.",archaeology,easy,north,32.5186116,35.4273788,חצי שעה-שעה,0.5,90,true,false,true,false,paid,,0.75,
lm-bb71fecd,גן לאומי בית גוברין,גן לאומי בית גוברין — פארק / שמורה / יער באזור ירושלים / הרי יהודה והשפלה,parks,easy,jerusalem,31.6128,34.8954,,0,0,true,false,false,false,free,,,https://www.tiuli.com/points-of-interest
beit-guvrin,גן לאומי בית גוברין-מרשה,"אחד מאתרי-המערות המרשימים בישראל - מאות מערות-פעמון וחציבות עתיקות בסלע-גיר רך, כולל מערת-יונים ומערת-פעמון ענקית, פרושות על שטח נרחב בשפלת יהודה.",archaeology,easy,center,31.601631,34.895464,שעתיים-שלוש,3,250,true,false,false,false,paid,,2.5,
beit-shearim,גן לאומי בית שערים,"בית-קברות יהודי-רומי תת-קרקעי עתיק, אתר מורשת עולמי אונסק""ו - מערכת מערות-קבורה מונומנטליות עם ארונות-אבן (סרקופגים) מגולפים וכתובות עתיקות רבות.",archaeology,easy,north,32.703757,35.129933,שעה-שעתיים,1.5,120,true,false,false,false,paid,,1.5,
lm-f5e97416,גן לאומי גן השלושה,גן לאומי גן השלושה — גן לאומי / מים באזור צפון / עמק המעיינות,parks,easy,north,32.4833,35.4167,,0,0,true,false,false,false,free,,,https://www.parks.org.il/trip/page/2/
lm-3dc71019,גן לאומי הקסטל,גן לאומי הקסטל — פארק / שמורה / יער באזור ירושלים / הרי יהודה והשפלה,parks,easy,jerusalem,31.7955,35.1448,,0,0,true,false,false,false,free,,,https://www.tiuli.com/points-of-interest
hurshat-tal,גן לאומי חורשת טל,"פארק-נופש גדול ומוצל בצל עצי-אלון עתיקים בצפון הגליל העליון, סביב אגם מלאכותי הניזון ממי נחל דן - פופולרי לפיקניק, קמפינג וטיולי-משפחות.",parks,easy,north,33.2213221,35.6297672,כרצונך,2,220,true,true,false,true,paid,,2,
hamat-tiberias,גן לאומי חמת טבריה,"אתר מעיינות-מרפא חמים על שפת הכנרת, הידוע כבר מתקופת חז""ל - כולל בית-כנסת עתיק עם רצפת-פסיפס מרשימה (גלגל-מזלות) ומרכז-מבקרים על ההיסטוריה של המקום.",archaeology,easy,north,32.7667323,35.5505424,שעה-שעה וחצי,0.5,100,true,false,true,true,paid,,1,
korazim,גן לאומי כורזים,"שרידי עיירה יהודית עתיקה מתקופת המשנה והתלמוד בגליל העליון, הבנויה כולה מאבן-בזלת שחורה - כולל שרידי בית-כנסת עתיק ומפורסם מהתקופה הרומית-ביזנטית.",archaeology,easy,north,32.9122229,35.5648923,שעה,1,90,true,false,false,false,paid,,1,
lm-65ccbae1,גן לאומי ממשית,גן לאומי ממשית — גן לאומי / מסלול באזור נגב,parks,easy,south,31.0240184,35.0648415,,0,0,true,false,false,false,free,,,https://www.parks.org.il/trip/page/2/
maayan-harod,גן לאומי מעיין חרוד,"בריכת-מעיין טבעית צלולה לרגלי הגלבוע, מוקפת מדשאות וצללים - אתר-רחצה משפחתי פופולרי, הקשור גם לסיפור המקראי של גדעון ו-300 הלוחמים.",water,easy,north,32.5514614,35.3576821,שעתיים-שלוש,1,180,true,false,true,true,paid,,2,
lm-44764f86,גן לאומי עין חמד,גן לאומי עין חמד — פארק / שמורה / יער באזור ירושלים / הרי יהודה והשפלה,parks,easy,jerusalem,31.796716,35.123935,,0,0,true,false,false,false,free,,,https://www.tiuli.com/points-of-interest
ein-hemed,גן לאומי עין חמד (אקווה בלה),"פינת-נופש ירוקה בכניסה להרי ירושלים, סביב מבנה צלבני עתיק (""אקווה בלה"") ובריכת-מעיין - יעד פיקניק פופולרי ונגיש למשפחות, במרחק קצר מהעיר.",water,easy,jerusalem,31.794795,35.127566,שעה-שעה וחצי,1.5,150,true,false,true,true,paid,,1,
ein-hanya,גן לאומי עין חניה,"מעיין ובריכת-רחצה טבעית בעמק רפאים בכניסה לירושלים, משוחזר ומתוחזק כגן לאומי - יעד קליל ומשפחתי במרחק דקות מהעיר, עם צל ומים זורמים.",water,easy,jerusalem,31.7439425,35.157429,שעה-שעה וחצי,1,140,true,false,true,true,free,,1,
tiuli-145,גן לאומי עיר דוד והסביבה: אבנים מספרות היסטוריה,"טיול בפארק לאומי בהרי ירושלים, באורך של כ-3 ק""מ ברמת קושי בינונית.",parks,medium,jerusalem,31.7745,35.2351,כחצי שעה,3,544,false,false,false,false,free,,,
ben-gurion-tomb,גן לאומי קבר בן-גוריון,"אתר ההנצחה של דוד בן-גוריון ורעייתו פולה במדרשת בן-גוריון שבנגב, עם תצפית מרהיבה אל קניון נחל צין - שילוב של מורשת ציונית ונוף מדברי פתוח.",viewpoints,easy,south,30.847961,34.782144,חצי שעה-שעה,0.5,140,true,false,true,false,free,,0.75,
qumran,גן לאומי קומראן,"אתר ארכיאולוגי במדבר יהודה ליד ים המלח, מקום התגלותם המפורסם של מגילות ים המלח במערות הסמוכות - שרידי יישוב כיתתי-נזירי מהתקופה הרומית ותצפית אל צוקי המדבר.",archaeology,easy,deadsea,31.7415307,35.4598211,שעה-שעה וחצי,1,200,true,false,false,false,paid,,1.25,
tiuli-44,גן לאומי קיסריה,"יעד טיול בפארק לאומי במרכז הארץ — מסלול באורך כ-2 ק""מ, רמת קושי קלה.",parks,easy,center,32.501,34.8934,כחצי שעה,2,2984,false,false,false,false,free,,,
lm-e88746aa,גן לאומי קיסריה,גן לאומי קיסריה — גן לאומי / מסלול באזור צפון / חוף הכרמל,parks,easy,north,32.498858,34.898751,,0,0,true,false,false,false,free,,,https://www.parks.org.il/trip/page/2/
castel,גן לאומי קסטל,"פסגה אסטרטגית בכניסה לירושלים, אתר-מורשת עם שרידי מבצר צלבני ואתר-הנצחה למלחמת-העצמאות, שבמהלכה התחוללו כאן קרבות קשים על השליטה בדרך לירושלים - תצפית פנורמית מרהיבה.",heritage,easy,jerusalem,31.7973874,35.1421738,שעה,1.5,130,true,false,false,false,free,,1,
tel-beer-sheva,גן לאומי תל באר שבע,"תל מקראי המזוהה עם בירת הנגב הקדומה, אתר מורשת עולמי אונסק""ו (יחד עם תל מגידו ותל חצור) - שרידי עיר-מנהל ישראלית מהמאה ה-10-8 לפנה""ס, כולל שער-עיר, מערכת-מים תת-קרקעית ומזבח-קרניים משוחזר.",archaeology,easy,south,31.244835,34.840858,שעה-שעתיים,1.5,130,true,false,false,false,paid,,1.5,
tel-dor,גן לאומי תל דור,"תל ארכיאולוגי על חוף הים התיכון, נמל קדום ומרכזי מהתקופה הכנענית ועד הרומית, עם לגונות טורקיז יפהפיות, מפרצים טבעיים וחורבות עמוקות.",archaeology,medium,center,32.6202955,34.9206011,כשעתיים,2,200,true,false,false,true,paid,,2,https://www.maslulim-israel.co.il/tracks/%d7%aa%d7%9c-%d7%93%d7%95%d7%a8-%d7%9e%d7%a4%d7%a8%d7%a6%d7%99%d7%9d-%d7%98%d7%91%d7%a2%d7%99%d7%99%d7%9d-%d7%a0%d7%9e%d7%9c-%d7%a7%d7%93%d7%95%d7%9d-%d7%95%d7%9c%d7%92%d7%95%d7%a0%d7%95%d7%aa/
tel-hazor,גן לאומי תל חצור,"תל ארכיאולוגי גדול בגליל העליון, אתר מורשת עולמי של אונסק""ו לצד מגידו ובאר-שבע - העיר המקראית הגדולה בישראל, עם שרידי ארמון כנעני, שערי-ענק ומערכת-מים תת-קרקעית מרשימה.",archaeology,medium,north,33.017442,35.56818,כשעתיים,1.2,150,true,false,false,false,paid,,2,https://www.maslulim-israel.co.il/tracks/%d7%91%d7%a9%d7%91%d7%99%d7%9c%d7%99-%d7%aa%d7%9c-%d7%97%d7%a6%d7%95%d7%a8-%d7%94%d7%a2%d7%99%d7%a8-%d7%94%d7%9e%d7%a7%d7%a8%d7%90%d7%99%d7%aa-%d7%94%d7%92%d7%93%d7%95%d7%9c%d7%94-%d7%91%d7%99%d7%a9/
tel-megiddo,גן לאומי תל מגידו,"תל ארכיאולוגי עתיק בעמק יזרעאל, אתר מורשת עולמי של אונסק""ו, עם שכבות-יישוב מ-20 תקופות היסטוריות, שערי-ענק כנעניים, ומנהרת-מים חצובה בסלע היורדת אל נחל הקיני.",archaeology,medium,north,32.5865272,35.1861405,5-4 שעות,6.5,350,true,false,false,true,paid,,4.5,https://www.maslulim-israel.co.il/tracks/%d7%90%d7%9c-%d7%aa%d7%9c-%d7%9e%d7%92%d7%99%d7%93%d7%95-%d7%92%d7%91%d7%a2%d7%aa-%d7%99%d7%90%d7%a9%d7%99%d7%94%d7%95-%d7%95%d7%a0%d7%97%d7%9c-%d7%94%d7%a7%d7%99%d7%a0%d7%99-%d7%91%d7%a2%d7%a7/
tel-arad,גן לאומי תל ערד,"תל ארכיאולוגי בנגב הכולל שתי ערים חופפות - עיר כנענית קדומה מתקופת הברונזה, ומצודה ישראלית מקראית עם מקדש עתיק נדיר. אחד מאתרי-הארכיאולוגיה המרכזיים במחקר תקופת המקרא.",archaeology,easy,south,31.2782563,35.1265579,שעה-שעה וחצי,1.5,90,true,false,false,false,paid,,1,
ganey-hugga,גני חוגה - פארק מעיינות וקמפינג,"פארק מעיינות משפחתי בעמק בית שאן, סביב בריכות-מים טבעיות עם מגלשות-מים ואזורי קמפינג - יעד מבוקש לחופשה שלמה בטבע.",water,easy,north,32.5184303,35.5381805,יום שלם,1,3450,true,false,true,true,paid,,4,
jerusalem-chords-bridge,גשר המיתרים,"גשר תלוי מרשים בכניסה לירושלים, מעל ערוצו של גיא בן-הינום, המחובר בכבלי-פלדה לתורן אחד גבוה - מרהיב גם ביום וגם מואר בלילה, עם נוף אל הר ציון והעיר החדשה.",urban,medium,jerusalem,31.7889343,35.1999677,45-30 דקות,0.8,190,true,false,true,false,free,,0.75,https://www.maslulim-israel.co.il/tracks/%d7%94%d7%92%d7%a9%d7%a8-%d7%94%d7%aa%d7%9c%d7%95%d7%99-%d7%91%d7%99%d7%a8%d7%95%d7%a9%d7%9c%d7%99%d7%9d-%d7%a1%d7%99%d7%95%d7%a8-%d7%9c%d7%99%d7%9c%d7%99-%d7%9c%d7%90%d7%95%d7%a8%d7%9a-%d7%94%d7%92/
lm-89805f41,דרך בורמה,דרך בורמה — דרך נוף / טיול רכב באזור מרכז / ירושלים והשפלה,nature,easy,center,31.8137001,34.9722548,,0,0,true,false,false,false,free,,,https://www.kkl.org.il/travel/trips/itineraries_for_families/itineraries_for_families_center/
lm-539a3963,דרך הפסלים ביער צרעה (יער הנשיא),דרך הפסלים ביער צרעה (יער הנשיא) — יער / מסלול באזור מרכז / ירושלים והשפלה,nature,easy,center,31.772725,34.974461,,0,0,true,false,false,false,free,,,https://www.kkl.org.il/travel/trips/itineraries_for_families/itineraries_for_families_center/
tiuli-186,דרך מתקני המצור הרומי באזור מצדה,"מסלול טיול בטבע פתוח, באזור ים המלח ומדבר יהודה, באורך כ-3 ק""מ ברמת קושי בינונית.",nature,medium,deadsea,31.3513,35.3534,כחצי שעה,3,3045,false,false,false,false,free,,,
lm-53550bd9,דרך נוף הרי נפתלי,דרך נוף הרי נפתלי — דרך נוף / טיול רכב באזור צפון,nature,easy,north,33.239029,35.572164,,0,0,true,false,false,false,free,,,https://www.kkl.org.il/travel/trips/itineraries_for_families/itineraries_for_families_north/
lm-bd490314,דרך נוף פארק בריטניה,דרך נוף פארק בריטניה — דרך נוף / טיול רכב באזור מרכז / ירושלים והשפלה,nature,easy,center,31.700713756956883,34.93171691894531,,0,0,true,false,false,false,free,,,https://www.kkl.org.il/travel/trips/itineraries_for_families/itineraries_for_families_center/
lm-defe6a95,האלה של רבי טרפון בקדיתא,האלה של רבי טרפון בקדיתא — טיול / נקודת עניין באזור צפון,nature,easy,north,33.00341,35.47194,,0,0,true,false,false,false,free,,,https://www.kkl.org.il/travel/trips/itineraries_for_families/itineraries_for_families_north/
tiuli-49,"הבניאס, נחל דן ונחל שניר: טיול אל מקורות הירדן","טיול לאורך נחל ומקווי מים בצפון הארץ, באורך של כ-3 ק""מ ברמת קושי קלה.",water,easy,north,33.2474,35.6943,כחצי שעה,3,422,false,false,false,false,free,,,
tiuli-277,הבניאס: נחל חרמון,"טיול לאורך נחל ומקווי מים בצפון הארץ, באורך של כ-6 ק""מ ברמת קושי בינונית.",water,medium,north,33.2472378,35.6934429,כ-2 שעות,6,2862,false,false,false,false,free,,,
lm-d2f9fc1f,הגן הבוטני באגמון החולה קק״ל,הגן הבוטני באגמון החולה קק״ל — טיול / נקודת עניין באזור צפון,water,easy,north,33.109796,35.590411,,0,0,true,false,false,true,free,,,https://www.kkl.org.il/travel/trips/itineraries_for_families/itineraries_for_families_north/
jerusalem-botanical-garden,הגן הבוטני בירושלים,"גן בוטני נרחב למרגלות גבעת רם בירושלים, עם מגוון עצים משירים שהופכים אותו ליעד מיוחד בעונת השלכת - אך יפה ומטופח לאורך כל השנה.",parks,easy,jerusalem,31.7657885,35.2018268,כשעה,1,140,true,false,true,false,paid,autumn,1,https://www.maslulim-israel.co.il/tracks/%d7%9e%d7%92%d7%95%d7%95%d7%9f-%d7%a8%d7%97%d7%91-%d7%a9%d7%9c-%d7%a6%d7%91%d7%a2%d7%99-%d7%a9%d7%9c%d7%9b%d7%aa-%d7%91%d7%92%d7%9f-%d7%94%d7%91%d7%95%d7%98%d7%a0%d7%99-%d7%91%d7%99%d7%a8%d7%95-2/
lm-e3bae8d5,ההר העגול ביער אלונה,ההר העגול ביער אלונה — יער / מסלול באזור מרכז / ירושלים והשפלה,viewpoints,easy,center,32.5645,35.03159,,0,0,true,false,false,false,free,,,https://www.kkl.org.il/travel/trips/itineraries_for_families/itineraries_for_families_center/
tiuli-122,הזאכי – שפך נחל משושים,"יעד טיול לאורך נחל ומקווי מים בצפון הארץ — מסלול באורך כ-5 ק""מ, רמת קושי בינונית.",water,medium,north,32.8854,35.6544,כ-2 שעות,5,2008,false,false,false,false,free,,,
nahal-haasi-green-beach,החוף הירוק - נחל האסי,"קטע-רחצה ירוק ושליו על נחל האסי בקיבוץ ניר דוד, בתוך שמורת טבע - מים זורמים וצללים נעימים, פחות עמוס מגן השלושה הסמוך.",reserves,easy,north,32.5056419,35.4519386,שעה,1,200,true,false,false,true,free,,1,
tiuli-42,החרמון,"מסלול טיול בטבע פתוח, בצפון הארץ, באורך כ-1 ק""מ ברמת קושי בינונית.",nature,medium,north,33.2907,35.7593,כחצי שעה,1,2862,false,false,false,false,free,,,
tiuli-334,הירדן ההררי: מסלול מעגלי ומסלול קווי בפארק הירדן,"טיול בטבע פתוח בצפון הארץ, באורך של כ-11 ק""מ ברמת קושי קלה.",nature,easy,north,33.004838,35.62773300000001,כ-3 שעות,11,605,false,false,false,false,free,,,
tiuli-209,הליכה בין הצבעים - מסלול ירוק בתל אביב,"יעד טיול באתר ארכיאולוגי במרכז הארץ — מסלול באורך כ-5 ק""מ, רמת קושי קלה.",archaeology,easy,center,32.097,34.783,כ-2 שעות,5,1581,false,false,false,false,free,,,
tiuli-93,המושבה האמריקאית בתל אביב,"מסלול טיול באתר ארכיאולוגי, במרכז הארץ, באורך כ-2 ק""מ ברמת קושי קלה.",archaeology,easy,center,32.0594,34.7587,כחצי שעה,2,3106,false,false,false,false,free,,,
tiuli-132,המושבה הגרמנית בירושלים,"מסלול טיול בטבע פתוח, בהרי ירושלים, באורך כ-2 ק""מ ברמת קושי קלה.",nature,easy,jerusalem,31.7684,35.2239,כחצי שעה,2,2618,false,false,false,false,free,,,
makhtesh-gadol,המכתש הגדול (מכתש חתירה),"שלישי מבין שלושת המכתשים הייחודיים בישראל (יחד עם מכתש רמון והמכתש הקטן) - מבנה-סחיפה ענק בנגב עם שכבות-סלע צבעוניות חשופות, פחות מבוקר מאחיו הגדול אך לא פחות מרשים.",mountains,medium,south,30.9369988,34.983731,3-4 שעות,6,90,false,false,false,false,free,,3.5,
tiuli-54,המכתש הקטן,"מסלול טיול במסלול הררי, בנגב ובדרום הארץ, באורך כ-3 ק""מ ברמת קושי בינונית.",mountains,medium,south,30.9524,35.2147,כחצי שעה,3,727,false,false,false,false,free,,,
sataf,הסטף,"אתר חקלאי-היסטורי בהרי ירושלים עם טרסות עתיקות, בוסתנים ושני מעיינות (עין ביקורה ועין סטף) הזורמים אל בריכות אגירה ומהם אל השבילים שמתחת - מסלול משפחות פופולרי עם נוף פסטורלי.",water,easy,jerusalem,31.771742,35.1276556,שעה-שעתיים,3,130,true,false,false,true,free,,1.5,
tiuli-84,העיר הלבנה: תל אביב והבאוהאוס,"מסלול טיול באתר ארכיאולוגי, במרכז הארץ, באורך כ-2 ק""מ ברמת קושי קלה.",archaeology,easy,center,32.0628,34.7705,כחצי שעה,2,2557,false,false,false,false,free,,,
oldcityjlm,העיר העתיקה בירושלים,הכותל המערבי ורבעי העיר העתיקה — מוקד קדושה עבור שלוש דתות ולב ההיסטוריה של ירושלים.,religious,easy,jerusalem,31.7767,35.2345,3 שעות,2,41200,false,false,false,false,free,,,
tiuli-74,העיר העתיקה בירושלים: מסלול בין אתרים שאסור לפספס,"יעד טיול באתר ארכיאולוגי בהרי ירושלים — מסלול באורך כ-2 ק""מ, רמת קושי קלה.",archaeology,easy,jerusalem,31.7759,35.2272,כחצי שעה,2,1947,false,false,false,false,free,,,
akko,העיר העתיקה בעכו,"מבצר צלבני תת-קרקעי וחומות עות'מאניות, אתר מורשת עולמית על חוף הים בגליל המערבי.",heritage,easy,north,32.9281,35.0818,2.5 שעות,2,13900,false,false,false,false,free,,,
tzfat,העיר העתיקה בצפת,"סמטאות אבן ברובע האמנים והמקובלים, אחת מארבע ערי הקודש ומרכז חשוב לקבלה.",urban,easy,north,32.9646,35.496,2 שעות,1.5,15200,false,false,false,false,free,,,
hod-hasharon-eco-park,הפארק האקולוגי הוד השרון,"פארק עירוני המשלב שיקום-נחל ובריכות-חלחול טבעיות, עם שבילי הליכה ואזורי-צפייה בבעלי-חיים - דוגמה ליוזמת קיימות-עירונית בלב מרכז הארץ.",parks,easy,center,32.1328765,34.8899315,שעה-שעה וחצי,2,70,true,true,true,true,free,,1,
tiuli-155,הקניון האדום – גיא שני,"יעד טיול בטבע פתוח באזור אילת — מסלול באורך כ-2 ק""מ, רמת קושי בינונית.",nature,medium,eilat,29.6809,34.8753,כחצי שעה,2,1154,false,false,false,false,free,,,
lm-aaa5b461,הר אביטל,הר אביטל — תצפית / פסגה באזור צפון / גולן וחרמון,mountains,easy,north,33.10816126,35.79455909,,0,0,true,false,false,false,free,,,https://www.geonames.org/advanced-search.html?country=IL&q=Israeli
lm-b8e7e6fe,הר אודם,הר אודם — תצפית / פסגה באזור צפון / גולן וחרמון,viewpoints,easy,north,33.1987,35.7542,,0,0,true,false,false,false,free,,,https://www.geonames.org/advanced-search.html?country=IL&q=Israeli
lm-d4954ed7,הר ארדון,הר ארדון — תצפית / פסגה באזור נגב / באר שבע והר הנגב,viewpoints,easy,south,30.6408,34.9503,,0,0,true,false,false,false,free,,,https://www.geonames.org/advanced-search.html?country=IL&q=Israeli
lm-19ad2f0e,הר בראון,הר בראון — תצפית / פסגה באזור צפון / גולן וחרמון,mountains,easy,north,33.158868,35.778213,,0,0,true,false,false,false,free,,,https://www.geonames.org/advanced-search.html?country=IL&q=Israeli
lm-d91205b8,הר ברניקי,הר ברניקי — טיול / נקודת עניין באזור צפון,mountains,easy,north,32.7756,35.5394,,0,0,true,false,false,false,free,,,https://www.kkl.org.il/travel/trips/itineraries_for_families/itineraries_for_families_north/
lm-4aa9ed4c,הר גיורא,הר גיורא — תצפית / פסגה באזור ירושלים / הרי יהודה והשפלה,mountains,easy,jerusalem,31.744711,35.08257,,0,0,true,false,false,false,free,,,https://www.geonames.org/advanced-search.html?country=IL&q=Israeli
lm-28ef8b1a,הר גמל,הר גמל — תצפית באזור נגב / מצפה רמון,viewpoints,easy,south,30.6029,34.7966,,0,0,true,false,false,false,free,,,https://www.parks.org.il/%D7%9E%D7%A1%D7%9C%D7%95%D7%9C%D7%99-%D7%98%D7%99%D7%95%D7%9C/
tiuli-135,הר הזיתים - תצפיות וכנסיות,"מסלול טיול במסלול הררי, בהרי ירושלים, באורך כ-2 ק""מ ברמת קושי קלה.",mountains,easy,jerusalem,31.7904,35.2472,כחצי שעה,2,2801,false,false,false,false,free,,,
hermon,הר החרמון,"ההר היחיד בישראל עם כיסוי שלג עונתי קבוע, ומסלולי טיפוס מאתגרים לעבר הפסגה.",mountains,extreme,north,33.2988,35.7666,6 שעות,8,4100,false,false,false,false,free,,,
lm-ff71e735,הר הכרמל,הר הכרמל — תצפית / פסגה באזור צפון / כרמל ורמות מנשה,mountains,easy,north,32.72852,35.05411,,0,0,true,false,false,false,free,,,https://www.geonames.org/advanced-search.html?country=IL&q=Israeli
lm-d67dc530,הר הקפיצה: טיול בשביל הבשורה,הר הקפיצה: טיול בשביל הבשורה — מסלול הליכה באזור צפון,mountains,easy,north,32.682795,35.307366,,0,0,true,false,false,false,free,,,https://www.kkl.org.il/travel/trips/itineraries_for_families/itineraries_for_families_north/
tiuli-182,הר הרוח ושביל נוף יתלה,"יעד טיול במסלול הררי בהרי ירושלים — מסלול באורך כ-2 ק""מ, רמת קושי קלה.",mountains,easy,jerusalem,31.8268,35.0792,כחצי שעה,2,2801,false,false,false,false,free,,,
tiuli-129,"הר חרת, מוצא ומאגר בית זית: שקדיות ומושבה נשכחת","מסלול טיול במסלול הררי, בהרי ירושלים, באורך כ-5 ק""מ ברמת קושי קלה.",mountains,easy,jerusalem,31.7909,35.1425,כ-2 שעות,5,2435,false,false,false,false,free,,,
lm-176fc0ab,הר יעלה,הר יעלה — תצפית / פסגה באזור ירושלים / הרי יהודה והשפלה,viewpoints,easy,jerusalem,31.7511,35.0425,,0,0,true,false,false,false,free,,,https://www.geonames.org/advanced-search.html?country=IL&q=Israeli
lm-c19ae950,הר יערן,הר יערן — תצפית / פסגה באזור ירושלים / הרי יהודה והשפלה,viewpoints,easy,jerusalem,31.707424,35.039458,,0,0,true,false,false,false,free,,,https://www.geonames.org/advanced-search.html?country=IL&q=Israeli
tiuli-156,"הר כמון, מכמנים ושביל יונתן","מסלול טיול במסלול הררי, בצפון הארץ, באורך כ-5 ק""מ ברמת קושי קלה.",mountains,easy,north,32.9095,35.3327,כ-2 שעות,5,1215,false,false,false,false,free,,,
tiuli-150,הר כרכום והר עריף,"מסלול טיול במסלול הררי, בנגב ובדרום הארץ, באורך כ-3 ק""מ ברמת קושי בינונית.",mountains,medium,south,30.5507,34.6518,כחצי שעה,3,849,false,false,false,false,free,,,
lm-93758380,הר כרמים,הר כרמים — תצפית / פסגה באזור צפון / גולן וחרמון,mountains,easy,north,33.218933,35.777842,,0,0,true,false,false,false,free,,,https://www.geonames.org/advanced-search.html?country=IL&q=Israeli
meron,הר מירון,"ההר הגבוה בגליל, עם מסלולי הליכה ותצפית פנורמית ותורן שידור בפסגה.",mountains,medium,north,32.9878,35.4111,3 שעות,5,6800,false,false,false,false,free,,,
lm-656daa51,הר מירון,הר מירון — תצפית / פסגה באזור צפון / גליל עליון ואצבע הגליל,mountains,easy,north,32.99774886,35.41249775,,0,0,true,false,false,false,free,,,https://www.geonames.org/advanced-search.html?country=IL&q=Israeli
tiuli-104,הר מסור,"יעד טיול במסלול הררי בנגב ובדרום הארץ — מסלול באורך כ-2 ק""מ, רמת קושי בינונית.",mountains,medium,south,30.7738,35.2364,כחצי שעה,2,910,false,false,false,false,free,,,
lm-9bb3daf7,הר נשף,הר נשף — תצפית / פסגה באזור ערבה / הרי אילת,viewpoints,easy,south,29.6659,34.866,,0,0,true,false,false,false,free,,,https://www.geonames.org/advanced-search.html?country=IL&q=Israeli
lm-368f0cd6,הר סנאים,הר סנאים — תצפית / פסגה באזור צפון / גולן וחרמון,mountains,easy,north,33.271697,35.721566,,0,0,true,false,false,false,free,,,https://www.geonames.org/advanced-search.html?country=IL&q=Israeli
lm-200749f3,הר עידו,הר עידו — תצפית / פסגה באזור נגב / באר שבע והר הנגב,viewpoints,easy,south,30.5048,34.6853,,0,0,true,false,false,false,free,,,https://www.geonames.org/advanced-search.html?country=IL&q=Israeli
lm-a7838668,הר עמינדב,הר עמינדב — תצפית / פסגה באזור ירושלים / הרי יהודה והשפלה,mountains,easy,jerusalem,31.747391,35.139277,,0,0,true,false,false,false,free,,,https://www.geonames.org/advanced-search.html?country=IL&q=Israeli
lm-3b105717,הר פרס,הר פרס — תצפית / פסגה באזור צפון / גולן וחרמון,mountains,easy,north,32.960276,35.864804,,0,0,true,false,false,false,free,,,https://www.geonames.org/advanced-search.html?country=IL&q=Israeli
lm-824e16cf,הר צניפים,הר צניפים — תצפית / פסגה באזור ערבה / הרי אילת,viewpoints,easy,south,30.1286,34.8604,,0,0,true,false,false,false,free,,,https://www.geonames.org/advanced-search.html?country=IL&q=Israeli
tzefahot,הר צפחות,"פסגה מדברית עם אחת התצפיות המרהיבות בישראל, אל מפרץ אילת ושלוש מדינות שכנות.",mountains,extreme,eilat,29.547,34.933,5 שעות,7,3400,false,false,false,false,free,,,
tiuli-342,הר צפחות: טיול עם תצפית ל-4 מדינות,"מסלול טיול במסלול הררי, באזור אילת, באורך כ-4 ק""מ ברמת קושי בינונית.",mountains,medium,eilat,29.527196897651258,34.911424346557624,כשעה,4,1093,false,false,false,false,free,,,
lm-8c7760df,הר צרור,הר צרור — תצפית / פסגה באזור נגב / באר שבע והר הנגב,viewpoints,easy,south,30.8603,34.8212,,0,0,true,false,false,false,free,,,https://www.geonames.org/advanced-search.html?country=IL&q=Israeli
lm-1d3e14d0,הר קטום,הר קטום — תצפית / פסגה באזור נגב / באר שבע והר הנגב,viewpoints,easy,south,30.5763,34.8951,,0,0,true,false,false,false,free,,,https://www.geonames.org/advanced-search.html?country=IL&q=Israeli
lm-051842b8,הר קנאים,הר קנאים — תצפית / פסגה באזור מדבר יהודה / ים המלח ובקעת הירדן,viewpoints,easy,deadsea,31.2993,35.2968,,0,0,true,false,false,false,free,,,https://www.geonames.org/advanced-search.html?country=IL&q=Israeli
lm-fbd4b470,הר רם,הר רם — תצפית / פסגה באזור צפון / גולן וחרמון,mountains,easy,north,33.245772,35.787547,,0,0,true,false,false,false,free,,,https://www.geonames.org/advanced-search.html?country=IL&q=Israeli
lm-47cea97d,הר רמון,הר רמון — תצפית / פסגה באזור נגב / באר שבע והר הנגב,viewpoints,easy,south,30.499856,34.630766,,0,0,true,false,false,false,free,,,https://www.geonames.org/advanced-search.html?country=IL&q=Israeli
lm-a6eb566f,הר רפאים,הר רפאים — תצפית / פסגה באזור ירושלים / הרי יהודה והשפלה,mountains,easy,jerusalem,31.735601,35.102341,,0,0,true,false,false,false,free,,,https://www.geonames.org/advanced-search.html?country=IL&q=Israeli
lm-1134df3c,הר שיפון,הר שיפון — תצפית / פסגה באזור צפון / גולן וחרמון,viewpoints,easy,north,33.0693,35.7691,,0,0,true,false,false,false,free,,,https://www.geonames.org/advanced-search.html?country=IL&q=Israeli
lm-536fdeaf,הר שלמה,הר שלמה — תצפית / פסגה באזור ערבה / הרי אילת,viewpoints,easy,south,29.5801,34.8997,,0,0,true,false,false,false,free,,,https://www.geonames.org/advanced-search.html?country=IL&q=Israeli
tiuli-153,הר שלמה ונחל מפלים,"מסלול טיול לאורך נחל ומקווי מים, בנגב ובדרום הארץ, באורך כ-3 ק""מ ברמת קושי בינונית.",water,medium,south,29.5877,34.885,כחצי שעה,3,1032,false,false,false,false,free,,,
lm-58f83749,הר שמשון,הר שמשון — תצפית / פסגה באזור ירושלים / הרי יהודה והשפלה,viewpoints,easy,jerusalem,31.767052,35.03705,,0,0,true,false,false,false,free,,,https://www.geonames.org/advanced-search.html?country=IL&q=Israeli
tiuli-161,הר תבור,"יעד טיול במסלול הררי בצפון הארץ — מסלול באורך כ-3 ק""מ, רמת קושי קלה.",mountains,easy,north,32.68243290445854,35.406855371268115,כחצי שעה,3,1520,false,false,false,false,free,,,
lm-db1ae5ca,הר תנופה,הר תנופה — תצפית / פסגה באזור ירושלים / הרי יהודה והשפלה,mountains,easy,jerusalem,31.784233,34.969751,,0,0,true,false,false,false,free,,,https://www.geonames.org/advanced-search.html?country=IL&q=Israeli
tiuli-160,הרי גופנא - מחרשה למעיין האוכף,"טיול לאורך נחל ומקווי מים במרכז הארץ, באורך של כ-3 ק""מ ברמת קושי קלה.",water,easy,center,31.9445,35.1497,כחצי שעה,3,1459,false,false,false,false,free,,,
wadi-al-jorum,ואדי אל ג'ורם,"קניון בזלת ציורי בעמק הירדן, סמוך למנחמיה, עם מפלים וסולמות-יתדות בין קירות סלע כהים - כשהנחל זורם, המסלול כולל הליכה במים רדודים ו""מקלחת"" תחת המפלים.",water,medium,north,32.6620284,35.544599,4-3 שעות,4.2,70,false,false,false,true,free,,3.5,https://www.maslulim-israel.co.il/tracks/%d7%95%d7%90%d7%93%d7%99-%d7%90%d7%9c-%d7%92%d7%95%d7%a8%d7%9d-%d7%a7%d7%a0%d7%99%d7%95%d7%9f-%d7%91%d7%96%d7%9c%d7%aa-%d7%a6%d7%99%d7%95%d7%a8%d7%99-%d7%95%d7%a0%d7%95%d7%a3-%d7%9e%d7%a8%d7%94/
tiuli-201,ואולי לא היו: סיור ברחוב מאפו בתל אביב - בעקבות ספרה של שולמית לפיד,"מסלול טיול באתר ארכיאולוגי, במרכז הארץ, באורך כ-1 ק""מ ברמת קושי קלה.",archaeology,easy,center,32.096,34.7881,כחצי שעה,1,1093,false,false,false,false,free,,,
tiuli-143,ויה דולורוזה: סיור בדרך הייסורים של ישו,"יעד טיול בטבע פתוח בהרי ירושלים — מסלול באורך כ-2 ק""מ, רמת קושי קלה.",nature,easy,jerusalem,31.7809,35.2373,כחצי שעה,2,422,false,false,false,false,free,,,
tiuli-124,זוויתן תחתון ובריכת המשושים,"טיול לאורך נחל ומקווי מים בצפון הארץ, באורך של כ-3 ק""מ ברמת קושי בינונית.",water,medium,north,32.9419,35.7009,כחצי שעה,3,2130,false,false,false,false,free,,,
tiuli-331,חוויה דרומית: טיול 4X4 מהפארן לשמורת הנחלים הגדולים,"טיול בשמורת טבע בנגב ובדרום הארץ, באורך של כ-3 ק""מ ברמת קושי בינונית.",reserves,medium,south,30.6144512,34.805575,כחצי שעה,3,422,false,false,false,false,free,,,
lm-94471d25,חוף אכזיב,חוף אכזיב — טיול / נקודת עניין באזור צפון,water,easy,north,33.042963,35.099173,,0,0,true,false,false,true,free,,,https://www.kkl.org.il/travel/trips/itineraries_for_families/itineraries_for_families_north/
hof-gador,חוף גדור,"שמורת טבע קטנה ובלתי-נגועה על מצוק כורכר במישור החוף, עם שלושה ספסלי עץ הצופים אל מימי הטורקיז ותצפית שקיעה מרהיבה מעל המפרץ.",viewpoints,easy,center,32.4209749,34.8730749,עד שעה,1.5,95,true,false,false,true,free,,1,https://www.maslulim-israel.co.il/tracks/%d7%97%d7%95%d7%a3-%d7%92%d7%93%d7%95%d7%a8-%d7%a1%d7%a4%d7%a1%d7%9c%d7%99%d7%9d-%d7%9e%d7%95%d7%9c-%d7%94%d7%a0%d7%95%d7%a3-%d7%95%d7%aa%d7%a6%d7%a4%d7%99%d7%aa-%d7%a9%d7%a7%d7%99%d7%a2%d7%94-%d7%a7/
gaash-beach,חוף געש,"חוף ים שקט וקליל במישור החוף המרכזי, ליד קיבוץ געש - מתאים לטיול-חוף נינוח, שקיעה או זמן איכות עם הכלב.",water,easy,center,32.228206,34.819122,כרצונך,1,110,true,true,false,true,free,,1,
dor-habonim-beach,חוף דור-הבונים,"שמורת טבע ימית עם חוף פראי ומפרצים סלעיים ציוריים במישור החוף - מערות-ים, בריכות-סלע ושונית אלמוגים רדודה, בין חוף הבונים לחוף דור.",water,medium,center,32.6503462,34.9262967,3.5-2.5 שעות,4,150,true,false,false,true,free,,3,https://www.maslulim-israel.co.il/tracks/%d7%9e%d7%94%d7%91%d7%95%d7%a0%d7%99%d7%9d-%d7%9c%d7%97%d7%95%d7%a3-%d7%93%d7%95%d7%a8-%d7%9e%d7%a4%d7%a8%d7%a6%d7%99%d7%9d-%d7%95%d7%97%d7%95%d7%a3-%d7%9e%d7%a8%d7%94%d7%99%d7%91-%d7%91%d7%99/
coralbeach,חוף האלמוגים אילת,"שונית אלמוגים טבעית וססגונית, פתוחה לצלילה ולשנורקלינג במפרץ אילת.",water,easy,eilat,29.5033,34.9167,2 שעות,0.5,12800,false,false,false,false,free,,,
lm-2bbdf447,חוף הנסיכה,חוף הנסיכה — חוף / טיילת באזור ערבה / הרי אילת,water,easy,south,29.4957,34.9161,,0,0,true,false,false,true,free,,,https://www.tiuli.com/points-of-interest
kinneret,חוף טבריה,"טיילת וחופי רחצה על שפת הכנרת, מקור המים המתוקים הגדול ביותר בישראל.",water,easy,north,32.7922,35.5312,1 שעה,1,26400,false,false,false,false,free,,,
deadsea,חוף עין בוקק,"רחצה בים המלח — הנקודה הנמוכה ביותר על פני כדור הארץ, מוכרת במי המלח הרוויים ובבוץ המינרלי.",water,easy,deadsea,31.2,35.3667,1.5 שעות,1,31000,false,false,false,false,free,,,
tiuli-193,חופי השרון: מסלול ג'יפים קיצי ליד הים,"טיול בטבע פתוח במרכז הארץ, באורך של כ-10 ק""מ ברמת קושי קלה.",nature,easy,center,32.3793,34.8658,כ-3 שעות,10,605,false,false,false,false,free,,,
hukok,חוקוק,"אתר ארכיאולוגי בגליל התחתון, בו התגלה בית-כנסת עתיק ומפואר מהתקופה הרומית-ביזנטית עם רצפות-פסיפס יוצאות-דופן, כולל תיאורי שמשון וסצנות מקראיות נדירות - אתר-חפירות פעיל ומתפתח.",archaeology,easy,north,32.8803979,35.4964716,שעה-שעה וחצי,1,90,true,false,false,false,free,,1,
horvat-erza,חורבת ארזה,"חורבה של חווה חקלאית ויישוב קטן מימי בית שני, על רכס בגובה 850 מטר בקצה הדרומי של ירושלים (גילה), עם פרגולות וספסלים מטופחים הצופים אל נוף ירושלים וההרים שסביבה.",archaeology,easy,jerusalem,31.732994,35.1842957,כשעה,0.5,65,true,false,false,false,free,,1,https://www.maslulim-israel.co.il/tracks/%d7%97%d7%95%d7%a8%d7%91%d7%aa-%d7%90%d7%a8%d7%96%d7%94-%d7%a1%d7%a4%d7%a1%d7%9c%d7%99%d7%9d-%d7%95%d7%a0%d7%95%d7%a3-%d7%9e%d7%a8%d7%a4%d7%a1%d7%95%d7%aa-%d7%94%d7%a0%d7%95%d7%a3-%d7%91%d7%97%d7%95/
lm-001fcd44,חורבת בורגין בפארק עדולם-צרפת,חורבת בורגין בפארק עדולם-צרפת — טיול / נקודת עניין באזור מרכז / ירושלים והשפלה,archaeology,easy,center,31.63607,34.96877,,0,0,true,false,false,false,free,,,https://www.kkl.org.il/travel/trips/itineraries_for_families/itineraries_for_families_center/
lm-bd1918bb,חורבת בורגתה,חורבת בורגתה — אתר מורשת / ארכיאולוגיה באזור מרכז / השרון ומישור החוף,archaeology,easy,center,32.318458,34.949516,,0,0,true,false,false,false,free,,,https://www.geonames.org/advanced-search.html?country=IL&q=Israeli
lm-220d71e0,חורבת חנות,חורבת חנות — טיול / נקודת עניין באזור מרכז / ירושלים והשפלה,archaeology,easy,center,31.7115222,35.0463444,,0,0,true,false,false,false,free,,,https://www.kkl.org.il/travel/trips/itineraries_for_families/itineraries_for_families_center/
lm-155a34d2,חורבת מדרס,חורבת מדרס — אתר מורשת / ארכיאולוגיה באזור ירושלים / הרי יהודה והשפלה,archaeology,easy,jerusalem,31.65594,34.93747,,0,0,true,false,false,false,free,,,https://www.geonames.org/advanced-search.html?country=IL&q=Israeli
lm-1e89c7fa,חורבת עתרי,חורבת עתרי — טיול / נקודת עניין באזור מרכז / ירושלים והשפלה,archaeology,easy,center,31.649472,34.972007,,0,0,true,false,false,false,free,,,https://www.kkl.org.il/travel/trips/itineraries_for_families/itineraries_for_families_center/
lm-e965b883,חורבת קיאפה,חורבת קיאפה — אתר מורשת / ארכיאולוגיה באזור ירושלים / הרי יהודה והשפלה,archaeology,easy,jerusalem,31.69643,34.95736,,0,0,true,false,false,false,free,,,https://www.geonames.org/advanced-search.html?country=IL&q=Israeli
tiuli-279,חורשת הארבעים ומצוק הארבעים בכרמל,"מסלול טיול בטבע פתוח, בצפון הארץ, באורך כ-1.5 ק""מ ברמת קושי בינונית.",nature,medium,north,32.751982886346,35.0292420387268,כחצי שעה,1.5,2984,false,false,false,false,free,,,
yotvata-haibar,חי-בר יטבתה,"שמורת-טבע לשימור בעלי-חיים מדבריים בסכנת-הכחדה בערבה, מצפון לאילת - סיור-רכב בין עדרי צבי ים, פראים אסיאתיים, יעני מדבר ואוריקסים בשטח פתוח, כמעט כמו ספארי מדברי.",nature,easy,eilat,29.8461746,35.0294647,שעה-שעה וחצי,2,140,true,false,false,false,paid,,1.25,
tiuli-87,חלמוניות ירוחם,"מסלול טיול בטבע פתוח, בנגב ובדרום הארץ, באורך כ-5 ק""מ ברמת קושי בינונית.",nature,medium,south,30.9762,34.8995,כ-2 שעות,5,2740,false,false,false,false,free,,,
hamei-gaash,חמי געש,"ספא-מעיינות מסחרי במרכז הארץ, סמוך לקיבוץ געש - בריכות מים תרמו-מינרליים (36-40 מעלות), מקלחת-גופרית, סאונות ובריכת-שחייה, יעד פופולרי מאוד.",water,easy,center,32.2312905,34.8265997,חצי יום,0.5,1000,true,false,true,true,paid,,3,
hamat-gader,חמת גדר,"אתר-המים-החמים המפורסם בישראל, בית-מרחצאות טבעי לצד אתר ארכיאולוגי רומי בן כ-1,800 שנה - בריכות טבילה, ספא, מסעדה וגן-חיות קטן באווירה טרופית.",heritage,easy,north,32.6833586,35.6647332,חצי יום,0.5,500,true,false,true,true,paid,,3,
lm-ecc85b52,חניון הרועה,חניון הרועה — טיול / נקודת עניין באזור דרום / נגב וערבה,nature,easy,south,30.8755,34.78593,,0,0,true,false,false,false,free,,,https://www.kkl.org.il/travel/trips/itineraries_for_families/itineraries_for_families_south/
tiuli-7,חרבת מדרס וחרבת עתרי,"טיול בטבע פתוח במרכז הארץ, באורך של כ-7 ק""מ ברמת קושי קלה.",nature,easy,center,31.6547,34.9404,כ-2 שעות,7,727,false,false,false,false,free,,,
tiuli-180,טוסקנה הדרוזית: טיול בין כפרי צפון הגולן,"מסלול טיול בטבע פתוח, בצפון הארץ, באורך כ-3 ק""מ ברמת קושי בינונית.",nature,medium,north,33.1999,35.7745,כחצי שעה,3,2679,false,false,false,false,free,,,
tiuli-322,טיול 4x4 בעמק האלה: מסע בעקבות דוד המלך,"טיול בטבע פתוח בהרי ירושלים, באורך של כ-23 ק""מ ברמת קושי קלה.",nature,easy,jerusalem,32.1049824665768,34.7840785283204,כ-7 שעות,23,2740,false,false,false,false,free,,,
tiuli-169,טיול 4X4 בתל גזר,"טיול באתר ארכיאולוגי במרכז הארץ, באורך של כ-7 ק""מ ברמת קושי קלה.",archaeology,easy,center,31.8757,34.9197,כ-2 שעות,7,2008,false,false,false,false,free,,,
tiuli-327,טיול 4X4 רטוב בין רמת הגולן לעמק החולה,"מסלול טיול בטבע פתוח, בצפון הארץ, באורך כ-40 ק""מ ברמת קושי קלה.",nature,easy,north,32.867142,35.531277,כ-13 שעות,40,3045,false,false,false,false,free,,,
tiuli-89,טיול בצפת: סיור בין אטרקציות ומקומות עתיקים בעיר,"יעד טיול באתר ארכיאולוגי בצפון הארץ — מסלול באורך כ-2 ק""מ, רמת קושי קלה.",archaeology,easy,north,32.9687,35.4934,כחצי שעה,2,2862,false,false,false,false,free,,,
tiuli-80,טיול בראש פינה: אטרקציות ואתרים שכדאי לראות במושבה,"יעד טיול בטבע פתוח בצפון הארץ — מסלול באורך כ-4 ק""מ, רמת קושי קלה.",nature,easy,north,32.9676,35.541,כשעה,4,2313,false,false,false,false,free,,,
tiuli-202,טיול ברמת אביב - בין מרכז רבין לגן קארטר,"טיול בטבע פתוח במרכז הארץ, באורך של כ-2 ק""מ ברמת קושי קלה.",nature,easy,center,32.0612,34.7672,כחצי שעה,2,1154,false,false,false,false,free,,,
tiuli-46,טיול בשפלה: מסלול לחנוכה בעקבות המכבים,"טיול בטבע פתוח במרכז הארץ, באורך של כ-3 ק""מ ברמת קושי קלה.",nature,easy,center,31.9431,34.9782,כחצי שעה,3,3106,false,false,false,false,free,,,
tiuli-373,טיול לואדי דלייה ומערת כותים בשומרון והבקעה,"טיול באתר ארכיאולוגי במרכז הארץ, באורך של כ-3 ק""מ ברמת קושי בינונית.",archaeology,medium,center,31.9996328422286,35.3504848480225,כחצי שעה,3,2984,false,false,false,false,free,,,
tiuli-196,טיול מיוחד בתל אביב - טיילת החוף,"טיול באתר ארכיאולוגי במרכז הארץ, באורך של כ-2 ק""מ ברמת קושי קלה.",archaeology,easy,center,32.096,34.7881,כחצי שעה,2,788,false,false,false,false,free,,,
tiuli-133,טיול נוסטלגי בגדרה,"טיול בטבע פתוח במרכז הארץ, באורך של כ-1 ק""מ ברמת קושי קלה.",nature,easy,center,31.8188,34.7736,כחצי שעה,1,2679,false,false,false,false,free,,,
lm-fa59197d,טיילת אשדוד,טיילת אשדוד — חוף / טיילת באזור מרכז / גוש דן ואתרים עירוניים,nature,easy,center,31.7957,34.6339,,0,0,true,false,false,false,free,,,https://www.tiuli.com/points-of-interest
lm-8cb8cf20,טיילת אשקלון,טיילת אשקלון — חוף / טיילת באזור מרכז / גוש דן ואתרים עירוניים,nature,easy,center,31.675,34.5545,,0,0,true,false,false,false,free,,,https://www.tiuli.com/points-of-interest
lm-9167e0fe,טיילת בת ים,טיילת בת ים — חוף / טיילת באזור מרכז / גוש דן ואתרים עירוניים,nature,easy,center,32.018,34.739,,0,0,true,false,false,false,free,,,https://www.tiuli.com/points-of-interest
lm-a6d2501a,טיילת הרצליה,טיילת הרצליה — חוף / טיילת באזור מרכז / גוש דן ואתרים עירוניים,nature,easy,center,32.1695,34.8009,,0,0,true,false,false,false,free,,,https://www.tiuli.com/points-of-interest
lm-53d2fe30,טיילת יפו,טיילת יפו — חוף / טיילת באזור מרכז / גוש דן ואתרים עירוניים,nature,easy,center,32.0524,34.7505,,0,0,true,false,false,false,free,,,https://www.tiuli.com/points-of-interest
nahariya-promenade,טיילת נהריה,"טיילת-חוף ארוכה ונעימה לאורך קו החוף של נהריה, מוקפת בתי-קפה ומסעדות - יעד קליל לטיול-משפחות, אופניים או שקיעה ליד הים בצפון הארץ.",water,easy,north,33.0045589,35.0876922,כרצונך,2,120,true,true,true,true,free,,1,
lm-9688d9e2,טיילת נתניה,טיילת נתניה — חוף / טיילת באזור מרכז / גוש דן ואתרים עירוניים,nature,easy,center,32.3216,34.8505,,0,0,true,false,false,false,free,,,https://www.tiuli.com/points-of-interest
lm-4406d5c5,טיילת ראשון לציון,טיילת ראשון לציון — חוף / טיילת באזור מרכז / גוש דן ואתרים עירוניים,nature,easy,center,31.9805,34.7402,,0,0,true,false,false,false,free,,,https://www.tiuli.com/points-of-interest
lm-5560936a,טיילת תל אביב,טיילת תל אביב — חוף / טיילת באזור מרכז / גוש דן ואתרים עירוניים,nature,easy,center,32.0781,34.7662,,0,0,true,false,false,false,free,,,https://www.tiuli.com/points-of-interest
lm-8a5211fe,יד אנה פרנק ביער הקדושים,יד אנה פרנק ביער הקדושים — יער / מסלול באזור מרכז / ירושלים והשפלה,heritage,easy,center,31.778002,35.029938,,0,0,true,false,false,false,free,,,https://www.kkl.org.il/travel/trips/itineraries_for_families/itineraries_for_families_center/
tiuli-15,"יד קנדי, חרבת סעדים ושביל המעיינות","מסלול טיול לאורך נחל ומקווי מים, בהרי ירושלים, באורך כ-3 ק""מ ברמת קושי קלה.",water,easy,jerusalem,31.7499,35.1354,כחצי שעה,3,1215,false,false,false,false,free,,,
tiuli-157,ים לים: מהים התיכון דרך הר מירון אל הכנרת,"טיול במסלול הררי בצפון הארץ, באורך של כ-3 ק""מ ברמת קושי בינונית.",mountains,medium,north,33.0506,35.1033,כחצי שעה,3,1276,false,false,false,false,free,,,
tiuli-101,יער אודם,"יעד טיול בטבע פתוח בצפון הארץ — מסלול באורך כ-2 ק""מ, רמת קושי קלה.",nature,easy,north,33.2155,35.762,כחצי שעה,2,727,false,false,false,false,free,,,
lm-e520ffc4,יער אילנות,יער אילנות — יער / מסלול באזור מרכז / ירושלים והשפלה,nature,easy,center,32.29291,34.900517,,0,0,true,false,false,false,free,,,https://www.kkl.org.il/travel/trips/itineraries_for_families/itineraries_for_families_center/
lm-d8633091,יער אשתאול,יער אשתאול — יער / מסלול באזור מרכז / ירושלים והשפלה,nature,easy,center,31.805562,34.9957289,,0,0,true,false,false,false,free,,,https://www.kkl.org.il/travel/trips/itineraries_for_families/itineraries_for_families_center/
lm-e865d611,יער בית קשת,יער בית קשת — יער / דרך נוף באזור צפון,nature,easy,north,32.7363889,35.3838889,,0,0,true,false,false,false,free,,,https://www.kkl.org.il/travel/beit_keshet_forest/
ben-shemen-forest,יער בן שמן,"אחד היערות הנטועים הוותיקים והגדולים בישראל, במרכז הארץ - שבילי הליכה ורכיבה מוצלים, שטחי פיקניק ואתרי-מורשת קטנים (בהם קברי-אבות ומצפורים), פופולרי כטיול-משפחות קליל.",parks,easy,center,31.9230115,34.9667634,שעה-שעתיים,3,100,true,true,false,false,free,,1.5,
lm-0eb53a4d,יער בן שמן,יער בן שמן — יער / מסלול באזור מרכז / ירושלים והשפלה,nature,easy,center,31.9488889,34.9561111,,0,0,true,false,false,false,free,,,https://www.kkl.org.il/travel/trips/itineraries_for_families/itineraries_for_families_center/
tiuli-4,יער ברעם ובית הכנסת העתיק,"טיול באתר ארכיאולוגי בצפון הארץ, באורך של כ-4 ק""מ ברמת קושי קלה.",archaeology,easy,north,33.0436,35.4153,כשעה,4,544,false,false,false,false,free,,,
lm-7247db58,יער גבעת המורה,יער גבעת המורה — יער / מסלול באזור צפון,mountains,easy,north,32.60751,35.37624,,0,0,true,false,false,false,free,,,https://www.kkl.org.il/travel/trips/itineraries_for_families/itineraries_for_families_north/
lm-a5d70401,יער המגינים,יער המגינים — יער / מסלול באזור מרכז / ירושלים והשפלה,nature,easy,center,31.8397222,34.9280556,,0,0,true,false,false,false,free,,,https://www.kkl.org.il/travel/trips/itineraries_for_families/itineraries_for_families_center/
lm-28e261d7,יער המלאכים-שחריה,יער המלאכים-שחריה — יער / מסלול באזור דרום / נגב וערבה,nature,easy,south,31.5938025,34.8266995,,0,0,true,false,false,false,free,,,https://www.kkl.org.il/travel/trips/itineraries_for_families/itineraries_for_families_south/
lm-806a1ac6,יער הרצל חולדה,יער הרצל חולדה — יער / מסלול באזור מרכז / ירושלים והשפלה,nature,easy,center,31.8229833,34.893464,,0,0,true,false,false,false,free,,,https://www.kkl.org.il/travel/trips/itineraries_for_families/itineraries_for_families_center/
lm-d853dc40,יער חדרה,יער חדרה — יער / מסלול באזור מרכז / ירושלים והשפלה,nature,easy,center,32.42778,34.895,,0,0,true,false,false,false,free,,,https://www.kkl.org.il/travel/trips/itineraries_for_families/itineraries_for_families_center/
lm-04ae5b22,יער חורשים,יער חורשים — יער / מסלול באזור מרכז / ירושלים והשפלה,nature,easy,center,32.1427778,34.9841667,,0,0,true,false,false,false,free,,,https://www.kkl.org.il/travel/trips/itineraries_for_families/itineraries_for_families_center/
lm-a94d1b68,יער חרובית,יער חרובית — יער / מסלול באזור מרכז / ירושלים והשפלה,nature,easy,center,31.85496306,34.85240656,,0,0,true,false,false,false,free,,,https://www.kkl.org.il/travel/trips/itineraries_for_families/itineraries_for_families_center/
tiuli-140,יער ירושלים: שביל הארז,"יעד טיול בטבע פתוח בהרי ירושלים — מסלול באורך כ-4 ק""מ, רמת קושי קלה.",nature,easy,jerusalem,31.7764,35.1696,כשעה,4,3106,false,false,false,false,free,,,
lm-268b13e3,יער יתיר,יער יתיר — יער / מסלול באזור דרום / נגב וערבה,nature,easy,south,31.3333,35.05,,0,0,true,false,false,false,free,,,https://www.kkl.org.il/travel/trips/itineraries_for_families/itineraries_for_families_south/
lm-4a27f5ce,יער לביא,יער לביא — יער / מסלול באזור צפון,nature,easy,north,32.77671,35.42174,,0,0,true,false,false,false,free,,,https://www.kkl.org.il/travel/trips/itineraries_for_families/itineraries_for_families_north/
lm-63110dc3,יער להב,יער להב — יער / מסלול באזור נגב,nature,easy,south,31.3758333,34.8527778,,0,0,true,false,false,false,free,,,https://www.kkl.org.il/travel/trips/lahav_forest/
tiuli-310,יער עופר - מסלול משפחות מעגלי,"טיול בטבע פתוח בצפון הארץ, באורך של כ-4.5 ק""מ ברמת קושי קלה.",nature,easy,north,32.6494225760121,34.9648037120735,כ-1 שעות,4.5,2008,false,false,false,false,free,,,
lm-d89355a3,יער עמינדב,יער עמינדב — יער / מסלול באזור מרכז / ירושלים והשפלה,nature,easy,center,31.740939,35.138146,,0,0,true,false,false,false,free,,,https://www.kkl.org.il/travel/trips/itineraries_for_families/itineraries_for_families_center/
lm-907539f2,יער קדימה,יער קדימה — יער / מסלול באזור מרכז / ירושלים והשפלה,nature,easy,center,32.28798,34.927283,,0,0,true,false,false,false,free,,,https://www.kkl.org.il/travel/trips/itineraries_for_families/itineraries_for_families_center/
tiuli-110,יער קולה ובריכת צרטה,"יעד טיול לאורך נחל ומקווי מים במרכז הארץ — מסלול באורך כ-4 ק""מ, רמת קושי קלה.",water,easy,center,32.0348,34.958,כשעה,4,1276,false,false,false,false,free,,,
lm-45ca2e7b,יער ראש העין,יער ראש העין — יער / מסלול באזור מרכז / ירושלים והשפלה,nature,easy,center,32.0995587,34.978718,,0,0,true,false,false,false,free,,,https://www.kkl.org.il/travel/trips/itineraries_for_families/itineraries_for_families_center/
poriya-switzerland-forest,יער שוויץ (פוריה),"יער נטוע על מצוק פוריה מעל הכנרת, עם תצפית פנורמית מרהיבה אל האגם וסביבותיו - שבילים קצרים ומונגשים המתאימים למגוון רחב של מטיילים.",viewpoints,easy,north,32.7733277,35.5299201,שעה,2,100,true,true,true,false,free,,1,
jaffa-old-city,יפו העתיקה,"סיור עירוני קליל בסמטאות יפו העתיקה - משער הכניסה ליד כיכר השעון, דרך חומת העיר ההיסטורית, מסגד אל-מחמודיה ומוזיאון העתיקות, ועד תצפית אל חוף תל אביב. מתאים לכל המשפחה ומושלם לשעת שקיעה.",heritage,easy,center,32.0553541,34.7566139,שעה-שעתיים,2,300,true,false,false,false,free,,1.5,https://www.teva.org.il/tracks/19122
tiuli-206,לדווש בעקבות הציורים: אמנות רחוב בתל אביב,"יעד טיול באתר ארכיאולוגי במרכז הארץ — מסלול באורך כ-3 ק""מ, רמת קושי בינונית.",archaeology,medium,center,32.0854,34.7818,כחצי שעה,3,1398,false,false,false,false,free,,,
lifta,ליפתא,"כפר ערבי נטוש בכניסה לירושלים, המשמר בתים אבן עתיקים ומעיין עם בריכת-רחצה טבעית באפיק הנחל - אחד הכפרים הבודדים מ-1948 שלא נהרס או יושב מחדש, יעד טיול פופולרי ורגיש-היסטורית.",heritage,medium,jerusalem,31.796118,35.195917,שעה-שעתיים,2,160,true,false,false,true,free,,1.5,
bental-reservoir,מאגר בנטל,מאגר-מים חקלאי גדול ברמת הגולן שהפך עם השנים ליעד-רחצה קיצי מוכר בקרב מטיילים - מים פתוחים ונוף ירוק מסביב.,water,easy,north,33.1398457,35.7829898,כחצי שעה - שעה,0.5,250,true,false,false,true,free,,0.75,
maagar-orvim,מאגר עורבים עליון,"מאגר-מים ברמת הגולן המקבל הזרמה של מים חמים טבעיים (עד כ-40 מעלות) מקידוחים סמוכים - ""ספא חינם בטבע"", דורש רכב גבוה/4x4 להגעה.",water,medium,north,33.1426226,35.7318156,שעה,1,159,false,true,false,true,free,winter,1,
tiuli-72,מאשדוד לניצנים: טבע ומורשת קרב,"מסלול טיול בטבע פתוח, בנגב ובדרום הארץ, באורך כ-5 ק""מ ברמת קושי קלה.",nature,easy,south,31.7811,34.6657,כ-2 שעות,5,1825,false,false,false,false,free,,,
tiuli-97,"מבית ג'אן לחורפיש - מעיינות, מערות ונופים בפסגות הגליל","טיול לאורך נחל ומקווי מים בצפון הארץ, באורך של כ-3 ק""מ ברמת קושי בינונית.",water,medium,north,32.9694,35.3639,כחצי שעה,3,483,false,false,false,false,free,,,
tiuli-20,מבית שאן לכוכב הירדן,"יעד טיול בטבע פתוח בצפון הארץ — מסלול באורך כ-3 ק""מ, רמת קושי בינונית.",nature,medium,north,32.5123,35.5043,כחצי שעה,3,1520,false,false,false,false,free,,,
tiuli-1,מבצר יחיעם ונחל געתון,"טיול לאורך נחל ומקווי מים בצפון הארץ, באורך של כ-3 ק""מ ברמת קושי בינונית.",water,medium,north,33.0115,35.1826,כחצי שעה,3,361,false,false,false,false,free,,,
nimrod,מבצר נמרוד,"מצודה איובית-ממלוכית עצומה על שלוחות החרמון, ששלטה על ציר הדרך לדמשק.",heritage,medium,north,33.2494,35.7128,1.5 שעות,1,8300,false,false,false,false,free,,,
tiuli-21,מג'רסה - בקעת בית צידה,"מסלול טיול בטבע פתוח, בצפון הארץ, באורך כ-1 ק""מ ברמת קושי בינונית.",nature,medium,north,32.8858,35.6411,כחצי שעה,1,1581,false,false,false,false,free,,,
tiuli-141,מגן הוורדים לעמק המצלבה,"מסלול טיול בטבע פתוח, בהרי ירושלים, באורך כ-3 ק""מ ברמת קושי קלה.",nature,easy,jerusalem,31.7808,35.2033,כחצי שעה,3,300,false,false,false,false,free,,,
tiuli-308,מדרך נוף כרמל לקיבוץ יגור,"יעד טיול בטבע פתוח בצפון הארץ — מסלול באורך כ-4 ק""מ, רמת קושי קלה.",nature,easy,north,32.7427941159317,35.0589801687397,כשעה,4,1886,false,false,false,false,free,,,
tiuli-134,מהנחלאות אל השוק,"יעד טיול לאורך נחל ומקווי מים בהרי ירושלים — מסלול באורך כ-3 ק""מ, רמת קושי קלה.",water,easy,jerusalem,31.7802,35.2129,כחצי שעה,3,2740,false,false,false,false,free,,,
muhraka,מוחרקה,"תצפית פסגה על רכס הכרמל הצופה אל עמק יזרעאל והגליל התחתון, מזוהה עם סיפור אליהו הנביא.",viewpoints,medium,north,32.7325,35.0454,1 שעה,1.5,8700,false,false,false,false,free,,,
tiuli-56,"מוחרקה, נחל רקפת ומנזר הכרמליתים","יעד טיול לאורך נחל ומקווי מים בצפון הארץ — מסלול באורך כ-8 ק""מ, רמת קושי בינונית.",water,medium,north,32.6587,35.0585,כ-3 שעות,8,849,false,false,false,false,free,,,
tiuli-29,מזרח הרמון: ממכתש רמון לערבה,"יעד טיול במסלול הררי בנגב ובדרום הארץ — מסלול באורך כ-3 ק""מ, רמת קושי בינונית.",mountains,medium,south,30.5892,34.9192,כחצי שעה,3,2069,false,false,false,false,free,,,
tiuli-82,מכוכב הירדן לכפר תבור,"טיול בטבע פתוח בצפון הארץ, באורך של כ-3 ק""מ ברמת קושי בינונית.",nature,medium,north,32.5954,35.5135,כחצי שעה,3,2435,false,false,false,false,free,,,
ramoncrater,מכתש רמון,"המכתש הגדול בעולם מסוגו, עם נופי מדבר דרמטיים ומגוון מסלולי ג'יפים ורגל.",mountains,medium,south,30.6094,34.8017,3 שעות,4,14500,false,false,false,false,free,,,
tiuli-53,מכתש רמון: המיטב,"יעד טיול במסלול הררי בנגב ובדרום הארץ — מסלול באורך כ-6 ק""מ, רמת קושי בינונית.",mountains,medium,south,30.608,34.8066,כ-2 שעות,6,666,false,false,false,false,free,,,
tiuli-324,ממצפה משואה לתל גודד,"מסלול טיול אל נקודת תצפית, בהרי ירושלים, באורך כ-5.5 ק""מ ברמת קושי קלה.",viewpoints,easy,jerusalem,31.6673285,34.9226484,כ-2 שעות,5.5,2862,false,false,false,false,free,,,
tiuli-47,ממשית: עיר חקלאית בלב מדבר,"יעד טיול בטבע פתוח בנגב ובדרום הארץ — מסלול באורך כ-2 ק""מ, רמת קושי קלה.",nature,easy,south,31.0308,35.0628,כחצי שעה,2,300,false,false,false,false,free,,,
tiuli-311,מנחל נמר אל יער חניתה,"יעד טיול לאורך נחל ומקווי מים בצפון הארץ — מסלול באורך כ-4.5 ק""מ, רמת קושי בינונית.",water,medium,north,33.0795001794392,35.1909711125249,כ-1 שעות,4.5,2069,false,false,false,false,free,,,
tiuli-371,מסלול אתגרי אל קרן סרטבה,"יעד טיול בטבע פתוח במרכז הארץ — מסלול באורך כ-3 ק""מ, רמת קושי בינונית.",nature,medium,center,32.1122008731142,35.4921023227317,כחצי שעה,3,2862,false,false,false,false,free,,,
tiuli-349,מסלול אתרי טיילת ארמון הנציב,"טיול בטבע פתוח בהרי ירושלים, באורך של כ-3 ק""מ ברמת קושי קלה.",nature,easy,jerusalem,31.7545676,35.2319626,כחצי שעה,3,1520,false,false,false,false,free,,,
tiuli-303,מסלול בהר הצופים: ההר הצופה אל העיר ואל המדבר,"מסלול טיול במסלול הררי, בהרי ירושלים, באורך כ-2 ק""מ ברמת קושי קלה.",mountains,easy,jerusalem,31.7985073,35.2389860000001,כחצי שעה,2,1581,false,false,false,false,free,,,
tiuli-183,מסלול הפטריה בנאות הכיכר,"מסלול טיול בטבע פתוח, בנגב ובדרום הארץ, באורך כ-2 ק""מ ברמת קושי קלה.",nature,easy,south,30.9331,35.3756,כחצי שעה,2,2862,false,false,false,false,free,,,
tiuli-96,מסלול טיול בשוק מחנה יהודה בירושלים,"מסלול טיול בטבע פתוח, בהרי ירושלים, באורך כ-1 ק""מ ברמת קושי קלה.",nature,easy,jerusalem,31.7838,35.2131,כחצי שעה,1,422,false,false,false,false,free,,,
tiuli-381,מסלול תלכיד - פיראן בבקעת הירדן,"מסלול טיול בטבע פתוח, במרכז הארץ, באורך כ-4 ק""מ ברמת קושי קלה.",nature,easy,center,32.28361508331798,35.54866753985638,כשעה,4,605,false,false,false,false,free,,,
tiuli-18,מסעד לבארי: פריחה בצפון הנגב,"מסלול טיול בטבע פתוח, בנגב ובדרום הארץ, באורך כ-7 ק""מ ברמת קושי קלה.",nature,easy,south,31.5063,34.5543,כ-2 שעות,7,1398,false,false,false,false,free,,,
maayan-alonei-habashan,מעיין אלוני הבשן (עין ג'ואיזה),"בריכת מעיין עגולה הבנויה מאבני בזלת שחורות, בתוך מושב אלוני הבשן במזרח רמת הגולן - מים זורמים וחיות-בריכה כמו דגי-זהב וצפרדעים, בגישה נוחה מהכביש הראשי.",water,easy,north,33.0316,35.838,כחצי שעה,0.3,45,true,false,false,true,free,,0.5,
maayan-elroi,מעיין אלרואי,"מעיין ובריכת-מים לצד טיילת רכבת העמק ופארק הקטר בחיפה - נגיש ונעים, יעד פופולרי למשפחות בעיר.",water,easy,north,32.7135487,35.1021183,כחצי שעה,1,300,true,false,true,true,free,,0.5,
maayan-haulmosim,מעיין האולמוסים,"מעיין ברמת השופט, עם בריכת-מים טבעית מוקפת סלעים - יעד רחצה מוכר ברמות מנשה.",water,easy,north,32.6147726,35.0930927,שעה,1,94,true,false,false,true,free,,1,
maayan-habokrim,מעיין הבוקרים,"מעיין זורם ליד כפר הנשיא ברמת כורזים, עם בריכה טבעית ומעבר-גשר-עץ קטן - יעד תיירותי שקט הרחק מהצירים הראשיים.",water,easy,north,32.9698647,35.6187353,כחצי שעה,1,55,true,false,false,true,free,,0.5,
maayan-mitzpe-hashalom,מעיין מצפה השלום,"מעיין וברכת-מים באזור טיולים רגליים ליד מצפה השלום ברמת הגולן, בתוך שטח ירוק ושליו עם תצפית פתוחה על הסביבה.",water,easy,north,32.7583482,35.6572712,כשעה,2,140,true,false,false,true,free,,1,
maayan-nov,מעיין נוב,"בריכת מעיין שלווה ליד אבני איתן ברמת הגולן, מוקפת צמחייה ירוקה - יעד קטן ופחות מוכר, מתאים לביקור קליל ורגוע הרחק מהקהל.",water,easy,north,32.8341545,35.7675057,כחצי שעה,0.5,40,true,false,false,true,free,,0.5,
maayan-atarot,מעיין עטרת,"מעיין זורם באזור לטיילים רגליים בשומרון, עם בריכת-מים טבעית בנוף גבעות פתוח.",water,medium,center,31.9982384,35.18393,שעה,2,25,true,false,false,true,free,,1,
tiuli-2,מעיינות ברמת הגולן: טיול רטוב ומרענן לאורך דרך הפטרולים,"יעד טיול לאורך נחל ומקווי מים בצפון הארץ — מסלול באורך כ-3 ק""מ, רמת קושי קלה.",water,easy,north,33.0407,35.6302,כחצי שעה,3,422,false,false,false,false,free,,,
tiuli-36,מעיינות גבתון לתל גזר,"מסלול טיול לאורך נחל ומקווי מים, במרכז הארץ, באורך כ-4 ק""מ ברמת קושי קלה.",water,easy,center,31.8382,34.8668,כשעה,4,2496,false,false,false,false,free,,,
tiuli-147,מעיינות גוש עציון,"מסלול טיול לאורך נחל ומקווי מים, בהרי ירושלים, באורך כ-2 ק""מ ברמת קושי קלה.",water,easy,jerusalem,31.6553,35.1066,כחצי שעה,2,666,false,false,false,false,free,,,
tiuli-286,מעין מעריף להר ערקוב,"טיול במסלול הררי בנגב ובדרום הארץ, באורך של כ-3 ק""מ ברמת קושי בינונית.",mountains,medium,south,30.8232430202962,34.7620296478271,כחצי שעה,3,544,false,false,false,false,free,,,
tiuli-299,מעל החומות – סיור בטיילת הצפונית של ירושלים העתיקה,"יעד טיול באתר ארכיאולוגי בהרי ירושלים — מסלול באורך כ-3 ק""מ, רמת קושי קלה.",archaeology,easy,jerusalem,31.7766109,35.2276142000001,כחצי שעה,3,1337,false,false,false,false,free,,,
lm-8c1d54fe,מערות בית גוברין,מערות בית גוברין — נקודת עניין / טיול באזור ירושלים / הרי יהודה והשפלה,nature,easy,jerusalem,31.605326,34.903718,,0,0,true,false,false,false,free,,,https://www.geonames.org/advanced-search.html?country=IL&q=Israeli
tiuli-25,"מערת אצבע, עתלית וחרבת קרתה","טיול באתר ארכיאולוגי בצפון הארץ, באורך של כ-3 ק""מ ברמת קושי בינונית.",archaeology,medium,north,32.7141,34.9768,כחצי שעה,3,1825,false,false,false,false,free,,,
lm-d7bd1a8c,מערת בני ברית,מערת בני ברית — מערה / אתר טבע באזור ירושלים / הרי יהודה והשפלה,archaeology,easy,jerusalem,31.776829,35.03383,,0,0,true,false,false,false,free,,,https://www.geonames.org/advanced-search.html?country=IL&q=Israeli
mearat-hahazirim,מערת החזירים,"מסלול תצפיות בשביל סובב זכרון יעקב על רכס הכרמל, הכולל מצפים לזכר נופלים, מערה עם טיפוס קל ותצפית שקיעה מרשימה אל הים התיכון.",viewpoints,medium,north,32.5620681,34.9356983,שעה עד שעתיים,2,110,true,false,false,false,free,,1.5,https://www.maslulim-israel.co.il/tracks/%d7%9e%d7%a2%d7%a8%d7%aa-%d7%94%d7%97%d7%96%d7%99%d7%a8%d7%99%d7%9d-%d7%91%d7%a9%d7%91%d7%99%d7%9c-%d7%a1%d7%95%d7%91%d7%91-%d7%96%d7%9b%d7%a8%d7%95%d7%9f-%d7%99%d7%a2%d7%a7%d7%91-%d7%9e%d7%a1%d7%9c/
stalactite-cave,מערת הנטיפים (אבשלום),"מערת נטיפים תת-קרקעית מרהיבה בשפלת יהודה, המוכרזת כשמורת טבע - תצורות-סלע מרשימות שהתפתחו לאורך אלפי שנים, מוצגות במסלול-הליכה מוארך ומתוחזק.",nature,easy,center,31.755805,35.0238397,שעה,0.8,180,true,false,false,false,paid,,1,
tiuli-60,מערת התאומים ונחל המערה,"מסלול טיול לאורך נחל ומקווי מים, בהרי ירושלים, באורך כ-7 ק""מ ברמת קושי בינונית.",water,medium,jerusalem,31.727,35.0227,כ-2 שעות,7,1093,false,false,false,false,free,,,
tiuli-12,מערת קשת ומערת נמר,"מסלול טיול באתר ארכיאולוגי, בצפון הארץ, באורך כ-2 ק""מ ברמת קושי בינונית.",archaeology,medium,north,33.0774,35.1981,כחצי שעה,2,1032,false,false,false,false,free,,,
lm-8218b442,מערת שמשון,מערת שמשון — מערה / אתר טבע באזור ירושלים / הרי יהודה והשפלה,archaeology,easy,jerusalem,31.764352,35.022712,,0,0,true,false,false,false,free,,,https://www.geonames.org/advanced-search.html?country=IL&q=Israeli
nahal-bazelet-falls,מפל בזלת,"מפל בזלת גבוה ומרשים בערוץ נחל בזלת ברמת הגולן, הנשקף מנקודת תצפית לאורך מצוקי הנחל - מרשים במיוחד בשיא החורף, לאחר גשמים מרובים והפשרת שלגים.",water,easy,north,32.919258,35.797064,כשעה,2.4,55,true,false,false,true,free,winter,1,https://www.maslulim-israel.co.il/tracks/%d7%a9%d7%99%d7%98%d7%a4%d7%95%d7%9f-%d7%91%d7%9e%d7%a4%d7%9c-%d7%91%d7%96%d7%9c%d7%aa-%d7%a6%d7%a4%d7%99%d7%99%d7%94-%d7%91%d7%a9%d7%99%d7%98%d7%a4%d7%95%d7%9f-%d7%91%d7%9e%d7%a4%d7%9c-%d7%a0/
lm-00a8fe51,מפל בניאס,מפל בניאס — מפל / אתר טבע באזור צפון / גולן וחרמון,water,easy,north,33.237,35.677,,0,0,true,false,false,true,free,,,https://www.geonames.org/advanced-search.html?country=IL&q=Israeli
tanur,מפל תנור,"מפל המים הגבוה בישראל, בנחל עיון הזורם מיער עירוני שופע צמחייה בגבול הלבנון.",water,easy,north,33.2075,35.5722,2 שעות,3.5,9400,false,false,false,false,free,,,
tiuli-50,מצדה,"יעד טיול בטבע פתוח באזור ים המלח ומדבר יהודה — מסלול באורך כ-2 ק""מ, רמת קושי קלה.",nature,easy,deadsea,31.3125,35.3646,כחצי שעה,2,483,false,false,false,false,free,,,
masada,מצדה,"מבצר הורדוס הניצב על צוק מדברי מעל ים המלח, אתר מורשת עולמית של אונסק""ו ומקום עמידתם האחרונה של המורדים בעת המרד הגדול ברומאים.",archaeology,hard,deadsea,31.3157,35.3529,3 שעות,4.5,15420,false,false,false,false,free,,,
montfort-castle,מצודת מונפורט,"שרידי מצודת אבירים צלבנית דרמטית, בנויה על רכס-סלע צר ותלול המשקיף על נחל כזיב בגליל המערבי - מהמצודות המצולמות והמבוקרות ביותר בישראל, בסוף שביל-הליכה משמעותי דרך היער.",heritage,medium,north,33.0444555,35.2266186,כשעתיים,3,300,true,false,false,false,free,,2,
lm-3c88ad87,מצפה אופיר,מצפה אופיר — תצפית באזור צפון / גולן,viewpoints,easy,north,32.8148,35.6627,,0,0,true,false,false,false,free,,,https://www.kkl.org.il/scenic_lookouts/
lm-f66842da,מצפה בניה בהרי נפתלי,מצפה בניה בהרי נפתלי — תצפית באזור צפון / גליל עליון,viewpoints,easy,north,33.2479,35.5515,,0,0,true,false,false,false,free,,,https://www.kkl.org.il/travel/trips/2934/
lm-499e9477,מצפה גדות,מצפה גדות — תצפית / מורשת באזור צפון / גולן,viewpoints,easy,north,33.0135,35.6414,,0,0,true,false,false,false,free,,,https://www.parks.org.il/%D7%9E%D7%A1%D7%9C%D7%95%D7%9C%D7%99-%D7%98%D7%99%D7%95%D7%9C/
lm-0cfce515,מצפה הראל,מצפה הראל — תצפית / מורשת באזור שפלה,viewpoints,easy,center,31.8077,34.9642,,0,0,true,false,false,false,free,,,https://www.kkl.org.il/scenic_lookouts/
mitzpe-yair-ramat-rachel,מצפה יאיר,"נקודת תצפית קצרה וקסומה בקיבוץ רמת רחל בדרום ירושלים, עם נוף שקיעה עוצר-נשימה על העיר וסיפור זיכרון נוגע-ללב.",viewpoints,easy,jerusalem,31.7403163,35.2178825,עד רבע שעה,0.2,80,true,false,false,false,free,,0.25,https://www.maslulim-israel.co.il/tracks/%d7%9e%d7%a6%d7%a4%d7%94-%d7%99%d7%90%d7%99%d7%a8-%d7%91%d7%a9%d7%a7%d7%99%d7%a2%d7%94-%d7%aa%d7%a6%d7%a4%d7%99%d7%aa-%d7%a9%d7%a7%d7%99%d7%a2%d7%94-%d7%a7%d7%a1%d7%95%d7%9e%d7%94-%d7%a2%d7%9c-%d7%99/
mitzpe-knaf,מצפה כנף,"טיילת נגישה ומישורית ברמת הגולן, לאורך שלושה לוקיישנים צילומיים מול נוף הכנרת - וסיומה בנדנדת עץ ענקית מעל צוק מבוא חמה.",viewpoints,easy,north,32.870414,35.694758,כשעה,1.3,160,true,false,true,false,free,,1,https://www.maslulim-israel.co.il/tracks/%d7%9e%d7%a6%d7%a4%d7%94-%d7%9b%d7%a0%d7%a3-%d7%aa%d7%a6%d7%a4%d7%99%d7%aa-%d7%a0%d7%93%d7%a0%d7%93%d7%94-%d7%9e%d7%a8%d7%94%d7%99%d7%91%d7%94-%d7%95%d7%98%d7%99%d7%99%d7%9c%d7%aa-%d7%99%d7%a4%d7%94/
lm-f18156fb,מצפה כנרת מנדל,מצפה כנרת מנדל — תצפית באזור צפון / גולן,viewpoints,easy,north,32.7,35.6462,,0,0,true,false,false,false,free,,,https://www.kkl.org.il/travel/trips/accessible_hiking_trails/accessible_hiking_trails_north/mitzpe_kinneret_mandel/
lm-82da1540,מצפה מעלה עלי,מצפה מעלה עלי — תצפית באזור נגב,viewpoints,easy,south,30.9459,35.1593,,0,0,true,false,false,false,free,,,https://www.parks.org.il/%D7%9E%D7%A1%D7%9C%D7%95%D7%9C%D7%99-%D7%98%D7%99%D7%95%D7%9C/
lm-b40bf2a7,מצפה נמרוד,מצפה נמרוד — תצפית / פסגה באזור צפון / גולן וחרמון,viewpoints,easy,north,32.9718,35.5336,,0,0,true,false,false,false,free,,,https://www.kkl.org.il/travel/
lm-e0bb8d0c,מצפה קוניטרה,מצפה קוניטרה — תצפית / פסגה באזור צפון / גולן וחרמון,viewpoints,easy,north,33.1085,35.8008,,0,0,true,false,false,false,free,,,https://www.kkl.org.il/travel/
lm-f3528a94,מצפור בית ציידא,מצפור בית ציידא — תצפית / פסגה באזור צפון / גולן וחרמון,viewpoints,easy,north,32.8887,35.6926,,0,0,true,false,false,false,free,,,https://www.kkl.org.il/travel/
lm-6fdd7cf9,מצפור גולני,מצפור גולני — תצפית / פסגה באזור צפון / גולן וחרמון,viewpoints,easy,north,33.2249,35.6901,,0,0,true,false,false,false,free,,,https://www.kkl.org.il/travel/
lm-c161ce5b,מצפור דרך השלום,מצפור דרך השלום — תצפית / פסגה באזור ערבה / הרי אילת,viewpoints,easy,south,30.7788,35.2935,,0,0,true,false,false,false,free,,,https://www.kkl.org.il/travel/
lm-9586af82,מצפור המוחרקה,מצפור המוחרקה — תצפית באזור צפון / כרמל,viewpoints,easy,north,32.65,35.071389,,0,0,true,false,false,false,free,,,https://www.parks.org.il/%D7%9E%D7%A1%D7%9C%D7%95%D7%9C%D7%99-%D7%98%D7%99%D7%95%D7%9C/
lm-e69e007b,מצפור המכתש הקטן,מצפור המכתש הקטן — תצפית / פסגה באזור נגב / באר שבע והר הנגב,viewpoints,easy,south,30.9398,35.1631,,0,0,true,false,false,false,free,,,https://www.kkl.org.il/travel/
lm-732c843c,מצפור הר אבנון,מצפור הר אבנון — תצפית / מסלול קצר באזור נגב,viewpoints,easy,south,30.9715,34.9825,,0,0,true,false,false,false,free,,,https://www.parks.org.il/trip/page/2/
lm-01bc4894,מצפור הר אדיר,מצפור הר אדיר — תצפית / מורשת באזור צפון / גליל עליון,viewpoints,easy,north,33.0336,35.3698,,0,0,true,false,false,false,free,,,https://www.kkl.org.il/scenic_lookouts/
lm-f1de4c67,מצפור הר בנטל,מצפור הר בנטל — תצפית / פסגה באזור צפון / גולן וחרמון,viewpoints,easy,north,33.1288,35.7858,,0,0,true,false,false,false,free,,,https://www.kkl.org.il/travel/
lm-f1a737da,מצפור הר ברך,מצפור הר ברך — תצפית / פסגה באזור ערבה / הרי אילת,viewpoints,easy,south,29.79242,34.91584,,0,0,true,false,false,false,free,,,https://www.kkl.org.il/travel/
lm-ef4847b1,מצפור הר טייסים,מצפור הר טייסים — תצפית / פסגה באזור ירושלים / הרי יהודה והשפלה,viewpoints,easy,jerusalem,31.7721,35.0886,,0,0,true,false,false,false,free,,,https://www.kkl.org.il/travel/
lm-192ff7d7,מצפור הר תבור,מצפור הר תבור — תצפית / פסגה באזור צפון / גליל תחתון עמקים וגלבוע,viewpoints,easy,north,32.7066,35.3686,,0,0,true,false,false,false,free,,,https://www.kkl.org.il/travel/
lm-ceacddf3,מצפור ויניה,מצפור ויניה — תצפית באזור צפון / גלבוע,viewpoints,easy,north,32.5231,35.3876,,0,0,true,false,false,false,free,,,https://www.kkl.org.il/scenic_lookouts/
lm-274f0a51,מצפור חגי,מצפור חגי — תצפית / פסגה באזור נגב / באר שבע והר הנגב,viewpoints,easy,south,30.887672,34.791927,,0,0,true,false,false,false,free,,,https://www.kkl.org.il/travel/
lm-a18fd6d1,מצפור יפתח,מצפור יפתח — תצפית / פסגה באזור צפון / גליל עליון ואצבע הגליל,viewpoints,easy,north,33.1305,35.5559,,0,0,true,false,false,false,free,,,https://www.kkl.org.il/travel/
lm-006070d9,מצפור ליפא גל,מצפור ליפא גל — תצפית / פסגה באזור נגב / באר שבע והר הנגב,viewpoints,easy,south,30.8223,34.7413,,0,0,true,false,false,false,free,,,https://www.kkl.org.il/travel/
lm-677fa7b3,מצפור מואב,מצפור מואב — תצפית באזור נגב / ערד,viewpoints,easy,south,31.2606,35.2422,,0,0,true,false,false,false,free,,,https://www.kkl.org.il/scenic_lookouts/
lm-d239ff32,מצפור מונפור,מצפור מונפור — תצפית באזור צפון / גליל מערבי,viewpoints,easy,north,33.0466554,35.2223152,,0,0,true,false,false,false,free,,,https://www.kkl.org.il/scenic_lookouts/
lm-88df0177,מצפור ערוד,מצפור ערוד — תצפית באזור נגב / הר הנגב,viewpoints,easy,south,30.4969,34.6469,,0,0,true,false,false,false,free,,,https://www.parks.org.il/%D7%9E%D7%A1%D7%9C%D7%95%D7%9C%D7%99-%D7%98%D7%99%D7%95%D7%9C/
lm-47a63ad6,מצפור שי נחל הבשור,מצפור שי נחל הבשור — תצפית באזור נגב מערבי,viewpoints,easy,south,31.3463,34.4711,,0,0,true,false,false,false,free,,,https://www.kkl.org.il/scenic_lookouts/
lm-a4de58b7,מצפור שער הגיא,מצפור שער הגיא — תצפית באזור ירושלים / הרי יהודה,viewpoints,easy,jerusalem,31.815,35.0188,,0,0,true,false,false,false,free,,,https://www.kkl.org.il/scenic_lookouts/
lm-0d08996c,מצפור תל מיכל,מצפור תל מיכל — תצפית / פסגה באזור מרכז / השרון ומישור החוף,viewpoints,easy,center,32.160787,34.797131,,0,0,true,false,false,false,free,,,https://www.kkl.org.il/travel/
tiuli-288,מקופות החרמון לתל קצעה: מקטע מספר 1 בשביל הגולן,"מסלול טיול באתר ארכיאולוגי, בצפון הארץ, באורך כ-14 ק""מ ברמת קושי בינונית.",archaeology,medium,north,33.3080075192237,35.7726860046387,כ-4 שעות,14,666,false,false,false,false,free,,,
tiuli-86,"מקורות הירקון, מגדל צדק ומבצר אנטיפטרוס","יעד טיול באתר מורשת במרכז הארץ — מסלול באורך כ-3 ק""מ, רמת קושי קלה.",heritage,easy,center,32.0845,34.9527,כחצי שעה,3,2679,false,false,false,false,free,,,
tiuli-370,מקטע מספר 2: משמורת הטבע נחל חרמון – הבניאס ועד לפסל האריה השואג בתל חי,"טיול בשמורת טבע בצפון הארץ, באורך של כ-26 ק""מ ברמת קושי בינונית.",reserves,medium,north,33.2468285071557,35.6942241353642,כ-8 שעות,26,2801,false,false,false,false,free,,,
tiuli-17,מקרני חיטין למצוק הארבל: שני מסלולים קצרים שמתחברים לטיול ארוך,"יעד טיול בטבע פתוח בצפון הארץ — מסלול באורך כ-13 ק""מ, רמת קושי בינונית.",nature,medium,north,32.822,35.4957,כ-4 שעות,13,1337,false,false,false,false,free,,,
lm-95e7997a,מרכז צפרות יער ראש ציפור,מרכז צפרות יער ראש ציפור — יער / מסלול באזור מרכז / ירושלים והשפלה,nature,easy,center,32.09451,34.80491,,0,0,true,false,false,false,free,,,https://www.kkl.org.il/travel/trips/itineraries_for_families/itineraries_for_families_center/
tiuli-130,מרמות נפתלי לעין אווזים,"טיול בטבע פתוח בצפון הארץ, באורך של כ-5 ק""מ ברמת קושי קלה.",nature,easy,north,33.1455,35.5505,כ-2 שעות,5,2496,false,false,false,false,free,,,
tiuli-138,משכנות שאננים ושכונות ירושלים הראשונות,"מסלול טיול בטבע פתוח, בהרי ירושלים, באורך כ-3 ק""מ ברמת קושי קלה.",nature,easy,jerusalem,31.7715,35.2239,כחצי שעה,3,2984,false,false,false,false,free,,,
tiuli-199,מתחם התחנה בתל אביב,"טיול באתר ארכיאולוגי במרכז הארץ, באורך של כ-1 ק""מ ברמת קושי קלה.",archaeology,easy,center,32.0594,34.7613,כחצי שעה,1,971,false,false,false,false,free,,,
lm-a3ccf81b,מתחם התחנה תל אביב,מתחם התחנה תל אביב — נקודת עניין / טיול באזור מרכז / גוש דן ואתרים עירוניים,nature,easy,center,32.0566,34.7614,,0,0,true,false,false,false,free,,,https://www.tiuli.com/points-of-interest
tiuli-11,מתל אכזיב לראש הנקרה,"יעד טיול באתר ארכיאולוגי בצפון הארץ — מסלול באורך כ-6 ק""מ, רמת קושי קלה.",archaeology,easy,north,33.0497,35.1032,כ-2 שעות,6,971,false,false,false,false,free,,,
neot-kedumim,נאות קדומים,"שמורת-נוף מיוחדת המשחזרת את נופי ארץ-ישראל בתקופת המקרא והמשנה, עם צמחייה, בעלי-חיים ומתקנים חקלאיים עתיקים המוזכרים במקורות היהודיים - שילוב של טבע ולימוד.",parks,easy,center,31.9475377,34.9731142,שעתיים-שלוש,3,90,true,false,true,false,paid,,2,
lm-1508c76b,נווה אילן הישנה ויער המכללות,נווה אילן הישנה ויער המכללות — יער / מסלול באזור מרכז / ירושלים והשפלה,heritage,easy,center,31.808850199764127,35.08226074809324,,0,0,true,false,false,false,free,,,https://www.kkl.org.il/travel/trips/itineraries_for_families/itineraries_for_families_center/
tiuli-190,נווה צדק: סיור בפריז הקטנה,"טיול בטבע פתוח במרכז הארץ, באורך של כ-2 ק""מ ברמת קושי קלה.",nature,easy,center,32.0646,34.7649,כחצי שעה,2,422,false,false,false,false,free,,,
tiuli-300,נוף הגליל: שמורת האירוס הנצרתי,"מסלול טיול בשמורת טבע, בצפון הארץ, באורך כ-0.6 ק""מ ברמת קושי קלה.",reserves,easy,north,32.7158407,35.3387494,כחצי שעה,0.6,1398,false,false,false,false,free,,,
tiuli-103,נחל  פצאל ונחל רשאש,"טיול לאורך נחל ומקווי מים במרכז הארץ, באורך של כ-10 ק""מ ברמת קושי בינונית.",water,medium,center,32.0508,35.4021,כ-3 שעות,10,849,false,false,false,false,free,,,
nahal-avuv,נחל אבוב,"מסלול אתגרי בשמורת נחל אבוב במדבר יהודה, הכולל ירידה בעזרת יתדות ברזל לצד מפל סלע גבוה ובריכות מים עונתיות בקניון מפותל.",water,hard,deadsea,31.2321212,35.2380755,3 שעות,3,180,false,false,false,true,free,,3,https://www.parks.org.il/trip/abuv/
tiuli-10,נחל אביב ונחל דישון: מסלול בשניים מהנחלים היפים בארץ,"טיול לאורך נחל ומקווי מים בצפון הארץ, באורך של כ-4 ק""מ ברמת קושי קלה.",water,easy,north,33.0826,35.4604,כשעה,4,910,false,false,false,false,free,,,
tiuli-237,נחל אוג תחתון,"מסלול טיול לאורך נחל ומקווי מים, באזור ים המלח ומדבר יהודה, באורך כ-3 ק""מ ברמת קושי בינונית.",water,medium,deadsea,31.7869,35.4578,כחצי שעה,3,422,false,false,false,false,free,,,
tiuli-112,נחל אורן - ממחצבות קדומים לחניון האגם,"טיול לאורך נחל ומקווי מים בצפון הארץ, באורך של כ-2 ק""מ ברמת קושי קלה.",water,easy,north,32.7271,35.012,כחצי שעה,2,1398,false,false,false,false,free,,,
tiuli-33,נחל אל על,"מסלול טיול לאורך נחל ומקווי מים, בצפון הארץ, באורך כ-5 ק""מ ברמת קושי בינונית.",water,medium,north,32.80640782463393,35.7422787867059,כ-2 שעות,5,2313,false,false,false,false,free,,,
lm-7ad52c0b,נחל אל על,נחל אל על — נחל / מסלול באזור צפון / גולן וחרמון,water,easy,north,32.805,35.753,,0,0,true,false,false,true,free,,,https://www.geonames.org/advanced-search.html?country=IL&q=Israeli
lm-3e115e02,נחל אלכסנדר,נחל אלכסנדר — מסלול הליכה באזור מרכז / ירושלים והשפלה,water,easy,center,32.39613330537673,34.865702390670776,,0,0,true,false,false,true,free,,,https://www.kkl.org.il/travel/trips/itineraries_for_families/itineraries_for_families_center/
tiuli-102,נחל אלכסנדר וגשר הצבים,"מסלול טיול לאורך נחל ומקווי מים, במרכז הארץ, באורך כ-3 ק""מ ברמת קושי קלה.",water,easy,center,32.3867,34.8916,כחצי שעה,3,788,false,false,false,false,free,,,
tiuli-210,נחל אשלים ונחל עזגד: מסע בין גבי מים,"מסלול טיול לאורך נחל ומקווי מים, באזור ים המלח ומדבר יהודה, באורך כ-3 ק""מ ברמת קושי בינונית.",water,medium,deadsea,31.0471,35.3761,כחצי שעה,3,1642,false,false,false,false,free,,,
tiuli-116,נחל ברק והר כיפה,"יעד טיול לאורך נחל ומקווי מים בנגב ובדרום הארץ — מסלול באורך כ-4 ק""מ, רמת קושי בינונית.",water,medium,south,30.423,35.1517,כשעה,4,1642,false,false,false,false,free,,,
tiuli-114,נחל ג'ילבון,"מסלול טיול לאורך נחל ומקווי מים, בצפון הארץ, באורך כ-5 ק""מ ברמת קושי בינונית.",water,medium,north,33.044,35.6709,כ-2 שעות,5,1520,false,false,false,false,free,,,
tiuli-191,נחל גוב ומעלה עקרבים,"יעד טיול לאורך נחל ומקווי מים בנגב ובדרום הארץ — מסלול באורך כ-8 ק""מ, רמת קושי בינונית.",water,medium,south,30.9183,35.1389,כ-3 שעות,8,483,false,false,false,false,free,,,
tiuli-92,נחל גוש חלב,"יעד טיול לאורך נחל ומקווי מים בצפון הארץ — מסלול באורך כ-5 ק""מ, רמת קושי קלה.",water,easy,north,33.0232,35.4476,כ-2 שעות,5,3045,false,false,false,false,free,,,
tiuli-127,נחל גשרון עליון,"טיול לאורך נחל ומקווי מים בנגב ובדרום הארץ, באורך של כ-3 ק""מ ברמת קושי קלה.",water,easy,south,29.5883,34.8791,כחצי שעה,3,2313,false,false,false,false,free,,,
nahaldavid,נחל דוד,"מסלול נחל עם בריכות טבעיות ומפל מים בלב שמורת עין גדי, אחד המסלולים המבוקשים במדבר יהודה.",water,medium,deadsea,31.463,35.385,2.5 שעות,3.2,19800,false,false,false,false,free,,,
lm-a2e04bd9,נחל דוד,נחל דוד — נחל / מסלול באזור מדבר יהודה / ים המלח ובקעת הירדן,water,easy,deadsea,31.47,35.39,,0,0,true,false,false,true,free,,,https://www.geonames.org/advanced-search.html?country=IL&q=Israeli
tiuli-125,נחל דולב ועין פירים,"יעד טיול לאורך נחל ומקווי מים בהרי ירושלים — מסלול באורך כ-9 ק""מ, רמת קושי בינונית.",water,medium,jerusalem,31.7363,35.0689,כ-3 שעות,9,2191,false,false,false,false,free,,,
tiuli-154,נחל דרגה - נחל מורבעת,"טיול לאורך נחל ומקווי מים באזור ים המלח ומדבר יהודה, באורך של כ-3 ק""מ ברמת קושי בינונית.",water,medium,deadsea,31.5913,35.3886,כחצי שעה,3,1093,false,false,false,false,free,,,
tiuli-23,נחל הבשור ופארק אשכול,"יעד טיול לאורך נחל ומקווי מים בנגב ובדרום הארץ — מסלול באורך כ-14 ק""מ, רמת קושי קלה.",water,easy,south,31.3095,34.4929,כ-4 שעות,14,1703,false,false,false,false,free,,,
tiuli-38,"נחל הקיבוצים, הגלבוע ונחל יצפור","יעד טיול לאורך נחל ומקווי מים בצפון הארץ — מסלול באורך כ-5 ק""מ, רמת קושי בינונית.",water,medium,north,32.4859,35.4132,כ-2 שעות,5,2618,false,false,false,false,free,,,
tiuli-58,נחל השופט,"טיול לאורך נחל ומקווי מים בצפון הארץ, באורך של כ-1.6 ק""מ ברמת קושי קלה.",water,easy,north,32.6407,35.1135,כחצי שעה,1.6,971,false,false,false,false,free,,,
tiuli-337,נחל זוהר,"טיול לאורך נחל ומקווי מים באזור ים המלח ומדבר יהודה, באורך של כ-4 ק""מ ברמת קושי קלה.",water,easy,deadsea,31.154395,35.357377,כשעה,4,788,false,false,false,false,free,,,
lm-1a47287a,נחל זוויתן,נחל זוויתן — נחל / מסלול באזור צפון / גולן וחרמון,water,easy,north,32.82,35.735,,0,0,true,false,false,true,free,,,https://www.geonames.org/advanced-search.html?country=IL&q=Israeli
lm-5dd9dbda,נחל זנוח,נחל זנוח — נחל / מסלול באזור ירושלים / הרי יהודה והשפלה,water,easy,jerusalem,31.738547,35.004081,,0,0,true,false,false,true,free,,,https://www.geonames.org/advanced-search.html?country=IL&q=Israeli
tiuli-393,נחל חווארים עליון,"מסלול טיול לאורך נחל ומקווי מים, בנגב ובדרום הארץ, באורך כ-4 ק""מ ברמת קושי קלה.",water,easy,south,30.831278,34.741267,כשעה,4,1337,false,false,false,false,free,,,
tiuli-203,נחל חווארים: טיול לליל ירח מלא,"יעד טיול לאורך נחל ומקווי מים בנגב ובדרום הארץ — מסלול באורך כ-4 ק""מ, רמת קושי קלה.",water,easy,south,30.8483,34.7536,כשעה,4,1215,false,false,false,false,free,,,
tiuli-136,"נחל חזורי, גובתה ומבצר נמרוד","טיול לאורך נחל ומקווי מים בצפון הארץ, באורך של כ-5 ק""מ ברמת קושי בינונית.",water,medium,north,33.2502,35.7298,כ-2 שעות,5,2862,false,false,false,false,free,,,
tiuli-328,נחל חימר,"טיול לאורך נחל ומקווי מים בנגב ובדרום הארץ, באורך של כ-3 ק""מ ברמת קושי בינונית.",water,medium,south,31.1475075439854,35.3697583230542,כחצי שעה,3,3106,false,false,false,false,free,,,
nahal-hemar,נחל חימר (הגרנד קניון של ישראל),"הקניון הארוך בישראל (כ-18 ק""מ), עם מעוק דרמטי, גבים לאחר שיטפונות ומפל מרשים - מסלול מדברי מאתגר ומתגמל.",water,hard,deadsea,31.149493,35.241663,6 שעות,18,42,false,false,false,true,free,winter,6,
tiuli-70,נחל חצץ ופריחת הנרקיסים,"טיול לאורך נחל ומקווי מים בנגב ובדרום הארץ, באורך של כ-8 ק""מ ברמת קושי בינונית.",water,medium,south,30.8997,34.8283,כ-3 שעות,8,1703,false,false,false,false,free,,,
lm-4542ec27,נחל חרמון,נחל חרמון — נחל / מסלול באזור צפון / גולן וחרמון,water,easy,north,33.213157,35.629298,,0,0,true,false,false,true,free,,,https://www.geonames.org/advanced-search.html?country=IL&q=Israeli
nahal-yavniel,נחל יבנאל,"מסלול מעיינות ופלגי מים בגליל התחתון, לצד המושבה יבנאל - הליכה נעימה ומוצלת לאורך זרימת מים קבועה, בין צמחייה ירוקה ובריכות שכשוך קטנות.",water,medium,north,32.759625,35.482433,3.5-3 שעות,6.5,85,true,false,false,true,free,,3.25,https://www.maslulim-israel.co.il/tracks/%d7%90%d7%9c-%d7%9e%d7%a2%d7%99%d7%99%d7%a0%d7%95%d7%aa-%d7%95%d7%a4%d7%9c%d7%92%d7%99-%d7%9e%d7%99%d7%9d-%d7%91%d7%a0%d7%97%d7%9c-%d7%99%d7%91%d7%a0%d7%90%d7%9c/
tiuli-151,נחל יגור,"טיול לאורך נחל ומקווי מים בצפון הארץ, באורך של כ-9 ק""מ ברמת קושי בינונית.",water,medium,north,32.746,35.0729,כ-3 שעות,9,910,false,false,false,false,free,,,
tiuli-85,נחל יהודיה,"טיול לאורך נחל ומקווי מים בצפון הארץ, באורך של כ-3 ק""מ ברמת קושי בינונית.",water,medium,north,32.9416,35.7028,כחצי שעה,3,2618,false,false,false,false,free,,,
lm-815c21f4,נחל יהודיה,נחל יהודיה — נחל / מסלול באזור צפון / גולן וחרמון,water,easy,north,32.86,35.69,,0,0,true,false,false,true,free,,,https://www.geonames.org/advanced-search.html?country=IL&q=Israeli
tiuli-380,נחל יזרח - נחל רום,"יעד טיול לאורך נחל ומקווי מים באזור ים המלח ומדבר יהודה — מסלול באורך כ-5 ק""מ, רמת קושי בינונית.",water,medium,deadsea,31.150160308874216,35.35398623299826,כ-2 שעות,5,544,false,false,false,false,free,,,
tiuli-309,נחל יחיעם,"מסלול טיול לאורך נחל ומקווי מים, בצפון הארץ, באורך כ-4.5 ק""מ ברמת קושי קלה.",water,easy,north,32.9946546,35.2215725999999,כ-1 שעות,4.5,1947,false,false,false,false,free,,,
tiuli-278,"נחל ימין ונחל חתירה – בעקבות סיירי הפלמ""ח","יעד טיול לאורך נחל ומקווי מים בנגב ובדרום הארץ — מסלול באורך כ-9 ק""מ, רמת קושי בינונית.",water,medium,south,30.9544799,35.0770648,כ-3 שעות,9,2923,false,false,false,false,free,,,
nahal-yarmut,נחל ירמות (פארק האקליפטוס),"פארק-מעיינות עירוני נעים ליד בית שמש, עם ברכות-מים קטנות ועצי-איקליפטוס גבוהים - יעד משפחתי נגיש לביקור קצר.",water,easy,center,31.713927,34.977661,כחצי שעה,0.5,110,true,false,true,true,free,,0.5,
tiuli-8,נחל כזיב: מעין טמיר למצפור מונפורט,"יעד טיול לאורך נחל ומקווי מים בצפון הארץ — מסלול באורך כ-6 ק""מ, רמת קושי בינונית.",water,medium,north,33.0334,35.2386,כ-2 שעות,6,788,false,false,false,false,free,,,
lm-3764671b,נחל כסלון,נחל כסלון — נחל / מסלול באזור ירושלים / הרי יהודה והשפלה,water,easy,jerusalem,31.75977,34.990038,,0,0,true,false,false,true,free,,,https://www.geonames.org/advanced-search.html?country=IL&q=Israeli
tiuli-107,נחל כרמילה ונחל כסלון,"יעד טיול לאורך נחל ומקווי מים בהרי ירושלים — מסלול באורך כ-6 ק""מ, רמת קושי בינונית.",water,medium,jerusalem,31.7795,35.0138,כ-2 שעות,6,1093,false,false,false,false,free,,,
tiuli-168,נחל לוטם וגן החיות הלימודי בחיפה,"מסלול טיול לאורך נחל ומקווי מים, בצפון הארץ, באורך כ-3 ק""מ ברמת קושי קלה.",water,easy,north,32.8056,34.9874,כחצי שעה,3,1947,false,false,false,false,free,,,
tiuli-61,נחל מיצר,"טיול לאורך נחל ומקווי מים בצפון הארץ, באורך של כ-6 ק""מ ברמת קושי בינונית.",water,medium,north,32.7385402,35.6976133000001,כ-2 שעות,6,1154,false,false,false,false,free,,,
tiuli-332,נחל ממשית: מסלול מעגלי,"יעד טיול לאורך נחל ומקווי מים בנגב ובדרום הארץ — מסלול באורך כ-2.5 ק""מ, רמת קושי קלה.",water,easy,south,31.02778892740655,35.064434054115466,כחצי שעה,2.5,483,false,false,false,false,free,,,
nahalmearot,נחל מערות,"מערות פרהיסטוריות בהן התגלו שרידי אדם קדום, אתר מורשת עולמית בלב רכס הכרמל.",archaeology,easy,north,32.6667,34.95,1.5 שעות,1.2,12300,false,false,false,false,free,,,
tiuli-177,נחל מערות: טיול אל מערות הכרמל,"מסלול טיול לאורך נחל ומקווי מים, בצפון הארץ, באורך כ-3 ק""מ ברמת קושי קלה.",water,easy,north,32.6711,34.9631,כחצי שעה,3,2496,false,false,false,false,free,,,
tiuli-128,נחל משמר,"יעד טיול לאורך נחל ומקווי מים באזור ים המלח ומדבר יהודה — מסלול באורך כ-3 ק""מ, רמת קושי בינונית.",water,medium,deadsea,31.3797,35.3837,כחצי שעה,3,2374,false,false,false,false,free,,,
tiuli-339,נחל סלעית ומצפה הדר,"מסלול טיול לאורך נחל ומקווי מים, במרכז הארץ, באורך כ-2.5 ק""מ ברמת קושי קלה.",water,easy,center,30.7172544,35.1878214,כחצי שעה,2.5,910,false,false,false,false,free,,,
lm-4326227e,נחל סנסן,נחל סנסן — נחל / מסלול באזור ירושלים / הרי יהודה והשפלה,water,easy,jerusalem,31.681607,34.994096,,0,0,true,false,false,true,free,,,https://www.geonames.org/advanced-search.html?country=IL&q=Israeli
tiuli-117,נחל סער ומפל סער,"מסלול טיול לאורך נחל ומקווי מים, בצפון הארץ, באורך כ-3 ק""מ ברמת קושי בינונית.",water,medium,north,33.2395,35.7025,כחצי שעה,3,1703,false,false,false,false,free,,,
tiuli-64,נחל ספונים,"טיול לאורך נחל ומקווי מים בצפון הארץ, באורך של כ-4 ק""מ ברמת קושי בינונית.",water,medium,north,32.7384,34.9661,כשעה,4,1337,false,false,false,false,free,,,
tiuli-152,נחל עורבים,"יעד טיול לאורך נחל ומקווי מים בצפון הארץ — מסלול באורך כ-6 ק""מ, רמת קושי בינונית.",water,medium,north,33.1424,35.6868,כ-2 שעות,6,971,false,false,false,false,free,,,
tiuli-148,נחל עיון ומפל התנור,"טיול לאורך נחל ומקווי מים בצפון הארץ, באורך של כ-3 ק""מ ברמת קושי קלה.",water,easy,north,33.2808,35.5831,כחצי שעה,3,727,false,false,false,false,free,,,
nahal-eit,נחל עיט,"מסלול הרפתקני בערוץ נחל עיט הבלתי מסומן ברמת הגולן, המחבר בין ארבע בריכות מים עמוקות ומפלים נסתרים - מעבר לנקודת התצפית החורפית המוכרת על מפל עיט.",water,hard,north,32.955048,35.753767,3-2 שעות,2,60,false,false,false,true,free,,2.5,https://www.maslulim-israel.co.il/tracks/%d7%a0%d7%97%d7%9c-%d7%a2%d7%99%d7%98-%d7%9e%d7%a1%d7%9c%d7%95%d7%9c-%d7%9e%d7%99%d7%9d-%d7%a4%d7%a8%d7%90%d7%99-%d7%91%d7%99%d7%9f-%d7%9e%d7%a4%d7%9c%d7%99%d7%9d-%d7%95%d7%91%d7%a8%d7%99%d7%9b%d7%95/
nahalamud,נחל עמוד,"מסלול נחל היסטורי בין צוקי הגליל התחתון, נחשב לאחד ממסלולי הנחלים היפים בארץ.",nature,medium,north,32.8833,35.4667,4 שעות,6,7200,false,false,false,false,free,,,
tiuli-48,נחל עמוד עליון: מסלול מעגלי,"מסלול טיול לאורך נחל ומקווי מים, בצפון הארץ, באורך כ-5 ק""מ ברמת קושי בינונית.",water,medium,north,32.9734,35.4595,כ-2 שעות,5,361,false,false,false,false,free,,,
tiuli-212,נחל עקרבים,"יעד טיול לאורך נחל ומקווי מים בנגב ובדרום הארץ — מסלול באורך כ-3 ק""מ, רמת קושי בינונית.",water,medium,south,30.9346,35.1516,כחצי שעה,3,1764,false,false,false,false,free,,,
lm-4e7ca704,נחל ערוגות,נחל ערוגות — נחל / מסלול באזור מדבר יהודה / ים המלח ובקעת הירדן,water,easy,deadsea,31.455,35.385,,0,0,true,false,false,true,free,,,https://www.geonames.org/advanced-search.html?country=IL&q=Israeli
tiuli-184,נחל פרס תחתון וגבי פרס,"טיול לאורך נחל ומקווי מים באזור ים המלח ומדבר יהודה, באורך של כ-6 ק""מ ברמת קושי בינונית.",water,medium,deadsea,31.0012,35.2804,כ-2 שעות,6,2923,false,false,false,false,free,,,
tiuli-192,נחל פרצים והר סדום - טיול יום ולילה,"מסלול טיול לאורך נחל ומקווי מים, באזור ים המלח ומדבר יהודה, באורך כ-8 ק""מ ברמת קושי קלה.",water,easy,deadsea,31.1401,35.3762,כ-3 שעות,8,544,false,false,false,false,free,,,
tiuli-88,נחל צאלים וברכת צפירה,"טיול לאורך נחל ומקווי מים באזור ים המלח ומדבר יהודה, באורך של כ-3 ק""מ ברמת קושי בינונית.",water,medium,deadsea,31.307,35.2694,כחצי שעה,3,2801,false,false,false,false,free,,,
tiuli-312,נחל צביה,"מסלול טיול לאורך נחל ומקווי מים, בצפון הארץ, באורך כ-7.5 ק""מ ברמת קושי בינונית.",water,medium,north,32.453947,35.420072,כ-2 שעות,7.5,2130,false,false,false,false,free,,,
tiuli-66,נחל ציפורי,"מסלול טיול לאורך נחל ומקווי מים, בצפון הארץ, באורך כ-4 ק""מ ברמת קושי קלה.",water,easy,north,32.7643,35.1572,כשעה,4,1459,false,false,false,false,free,,,
tiuli-65,נחל צלמון,"יעד טיול לאורך נחל ומקווי מים בצפון הארץ — מסלול באורך כ-2 ק""מ, רמת קושי קלה.",water,easy,north,32.9091,35.3732,כחצי שעה,2,1398,false,false,false,false,free,,,
tiuli-188,נחל קדש,"יעד טיול לאורך נחל ומקווי מים בצפון הארץ — מסלול באורך כ-3 ק""מ, רמת קושי בינונית.",water,medium,north,33.1285,35.552,כחצי שעה,3,300,false,false,false,false,free,,,
tiuli-59,נחל קטלב ומערת הנטיפים,"יעד טיול לאורך נחל ומקווי מים בהרי ירושלים — מסלול באורך כ-5 ק""מ, רמת קושי בינונית.",water,medium,jerusalem,31.7345,35.0721,כ-2 שעות,5,1032,false,false,false,false,free,,,
tiuli-131,נחל קינה,"יעד טיול לאורך נחל ומקווי מים באזור ים המלח ומדבר יהודה — מסלול באורך כ-9.5 ק""מ, רמת קושי בינונית.",water,medium,deadsea,31.2287,35.1834,כ-3 שעות,9.5,2557,false,false,false,false,free,,,
tiuli-204,נחל קנה – בוסתנים ומעיינות בלב השומרון,"מסלול טיול לאורך נחל ומקווי מים, במרכז הארץ, באורך כ-5 ק""מ ברמת קושי בינונית.",water,medium,center,32.1731,35.1028,כ-2 שעות,5,1276,false,false,false,false,free,,,
tiuli-1394,נחל קרקש,"יעד טיול לאורך נחל ומקווי מים בנגב ובדרום הארץ — מסלול באורך כ-3 ק""מ, רמת קושי בינונית.",water,medium,south,30.854012817568123,34.77060813214029,כחצי שעה,3,2191,false,false,false,false,free,,,
tiuli-336,נחל רחף,"מסלול טיול לאורך נחל ומקווי מים, בנגב ובדרום הארץ, באורך כ-3 ק""מ ברמת קושי בינונית.",water,medium,south,31.281831,35.318172,כחצי שעה,3,727,false,false,false,false,free,,,
nahal-rahaf,נחל רחף,"קניון מדברי מרשים עם גבי-מים בעומקים שונים (בעונה הרטובה), מסלול-הליכה ארוך יחסית עם נופי-מדבר עוצרי-נשימה.",water,hard,deadsea,31.281831,35.318172,4 שעות,8,49,false,false,false,true,free,winter,4,
lm-972293fe,נחל רפאים,נחל רפאים — נחל / מסלול באזור ירושלים / הרי יהודה והשפלה,water,easy,jerusalem,31.758729,35.08799,,0,0,true,false,false,true,free,,,https://www.geonames.org/advanced-search.html?country=IL&q=Israeli
nahal-refaim-ein-lavan,נחל רפאים ועין לבן,"פארק נחל אורבני ירוק במערב ירושלים, לאורך נחל רפאים ועד למעיין עין לבן, עם מורדות שמתמלאים בפריחת שקדיות לבנה וורודה בשיא החורף.",water,easy,jerusalem,31.7492799,35.1593708,עד 3 שעות,5,100,true,true,true,true,free,winter,3,https://www.maslulim-israel.co.il/tracks/%d7%a0%d7%97%d7%9c-%d7%a8%d7%a4%d7%90%d7%99%d7%9d-%d7%95%d7%a2%d7%99%d7%9f-%d7%9c%d7%91%d7%9f-%d7%9e%d7%a1%d7%9c%d7%95%d7%9c-%d7%90%d7%9c-%d7%a4%d7%a8%d7%99%d7%97%d7%aa-%d7%a9%d7%a7%d7%93%d7%99%d7%95/
lm-6f9f3c04,נחל שורק,נחל שורק — נחל / מסלול באזור ירושלים / הרי יהודה והשפלה,water,easy,jerusalem,31.941373,34.707306,,0,0,true,false,false,true,free,,,https://www.geonames.org/advanced-search.html?country=IL&q=Israeli
tiuli-149,נחל שיח,"יעד טיול לאורך נחל ומקווי מים בצפון הארץ — מסלול באורך כ-2 ק""מ, רמת קושי קלה.",water,easy,north,32.7996,34.9822,כחצי שעה,2,788,false,false,false,false,free,,,
tiuli-187,נחל שניר (חצבני): מסלול בנחל חוצה גבולות,"טיול לאורך נחל ומקווי מים בצפון הארץ, באורך של כ-2 ק""מ ברמת קושי קלה.",water,easy,north,33.2317,35.6255,כחצי שעה,2,3106,false,false,false,false,free,,,
tiuli-69,נחל שרך ונחל בצת,"מסלול טיול לאורך נחל ומקווי מים, בצפון הארץ, באורך כ-5 ק""מ ברמת קושי בינונית.",water,medium,north,33.0666,35.2449,כ-2 שעות,5,1642,false,false,false,false,free,,,
tiuli-118,נחל תבור: מסלול מעגלי,"טיול לאורך נחל ומקווי מים בצפון הארץ, באורך של כ-8 ק""מ ברמת קושי בינונית.",water,medium,north,32.64142275110298,35.45134413757323,כ-3 שעות,8,1764,false,false,false,false,free,,,
tiuli-205,נחל תמר-צפית: אתגר בשטח בדרום ים המלח,"טיול לאורך נחל ומקווי מים באזור ים המלח ומדבר יהודה, באורך של כ-3 ק""מ ברמת קושי בינונית.",water,medium,deadsea,30.9852,35.3074,כחצי שעה,3,1337,false,false,false,false,free,,,
tiuli-71,ניצנה - העיר הנבטית והסביבה,"יעד טיול באתר ארכיאולוגי בנגב ובדרום הארץ — מסלול באורך כ-3 ק""מ, רמת קושי קלה.",archaeology,easy,south,30.8851,34.4197,כחצי שעה,3,1764,false,false,false,false,free,,,
lm-a0d4ffa4,נמל עכו,נמל עכו — נקודת עניין / טיול באזור מרכז / גוש דן ואתרים עירוניים,nature,easy,center,32.9182,35.068,,0,0,true,false,false,false,free,,,https://www.tiuli.com/points-of-interest
lm-6688c8ce,נמל תל אביב,נמל תל אביב — נקודת עניין / טיול באזור מרכז / גוש דן ואתרים עירוניים,nature,easy,center,32.0964,34.7734,,0,0,true,false,false,false,free,,,https://www.tiuli.com/points-of-interest
tiuli-208,נצרת: טיול בפרח הגליל,"טיול בטבע פתוח בצפון הארץ, באורך של כ-2 ק""מ ברמת קושי קלה.",nature,easy,north,32.7007,35.2972,כחצי שעה,2,1520,false,false,false,false,free,,,
tiuli-146,סיור ברובע היהודי,"יעד טיול בטבע פתוח בהרי ירושלים — מסלול באורך כ-3 ק""מ, רמת קושי קלה.",nature,easy,jerusalem,31.7765,35.2273,כחצי שעה,3,605,false,false,false,false,free,,,
tiuli-77,סיור ברמלה: מסלול שיראה לכם את העיר ההיסטורית,"יעד טיול בטבע פתוח במרכז הארץ — מסלול באורך כ-2 ק""מ, רמת קושי קלה.",nature,easy,center,31.9279,34.8652,כחצי שעה,2,2130,false,false,false,false,free,,,
tiuli-142,סיור בשכונות טלביה וקטמון,"טיול בטבע פתוח בהרי ירושלים, באורך של כ-3 ק""מ ברמת קושי קלה.",nature,easy,jerusalem,31.771,35.2161,כחצי שעה,3,361,false,false,false,false,free,,,
avdat,עבדת,"עיר נבטית עתיקה על דרך הבשמים, אתר מורשת עולמית במדבר הנגב מתקופת שיירות התבלינים.",archaeology,easy,south,30.7886,34.7719,1.5 שעות,1.3,6900,false,false,false,false,free,,,
einot-aner,עיינות ענר (גן הנערים),"אתר מעיינות שלֵו בגוש עציון, עם בריכות-מים ופינות-צל בין הגבעות - יעד טיול משפחתי מוכר באזור.",water,easy,jerusalem,31.9555728,35.1075443,שעה,1,29,true,false,false,true,free,,1,
lm-ed595a87,עין אורה,עין אורה — מעיין / מקור מים באזור ירושלים / הרי יהודה והשפלה,water,easy,jerusalem,31.7409583333,35.1469833333,,0,0,true,false,false,true,free,,,https://www.geonames.org/advanced-search.html?country=IL&q=Israeli
ein-orcha-jauhadar,עין אורחה (ג'וחדר),"בריכה משופצת ומוצלת ברמת הגולן, ניזונה ממימי מעיין הזורמים למרגלות תל ג'וחדר - לצדה שרידי חאן מהמאה ה-14 ושרידי ביצורים צלבניים וממלוכיים, שילוב של רחצה והיסטוריה.",water,easy,north,32.9319,35.854,כחצי שעה - שעה,0.5,70,true,false,false,true,free,,0.75,
ein-oren-hazin,עין אורן (עין חזין),"מעיין קטן ומטופח בצפון עמק יזרעאל, סמוך לרמת ישי - בריכת-מים נעימה בשטח פתוח ושליו.",water,easy,north,32.7163745,35.1608064,כחצי שעה,0.5,13,true,false,false,true,free,,0.5,
ein-ayov,עין איוב ומפל איוב,"מעיין ומפל נסתר בגליל התחתון, סמוך לכפר נחום ולחוף הצפוני של הכנרת - יעד קטן ופחות מוכר שדורש קצת חיפוש, אך מתגמל בבריכת-מים צלולה בצל עצים.",water,medium,north,32.872285,35.5524399,שעה-שעה וחצי,1.5,70,true,false,false,true,free,,1.25,
ein-al-balad,עין אל בלד,"מעיין הכפר הדרוזי בעוספיא, עם בריכת-אבן ותיקה במרכז הכפר - אתר תיירותי ומקומי כאחד, חלק ממורשת הכפר.",water,easy,north,32.7196252,35.0715348,כחצי שעה,0.3,90,true,false,true,true,free,,0.5,
lm-9d7f48cf,עין אל בלד,עין אל בלד — מעיין / מקור מים באזור ירושלים / הרי יהודה והשפלה,water,easy,jerusalem,31.743927,35.146051,,0,0,true,false,false,true,free,,,https://www.geonames.org/advanced-search.html?country=IL&q=Israeli
ein-alon,עין אלון,"מעיין קטן בלב הכרמל, סמוך לבית אורן ולאנדרטה לזכר נספי שריפת הכרמל - נקודת-מים שקטה בתוך יער.",water,medium,north,32.72688,35.022907,שעה,1.5,45,true,false,false,true,free,,1,
tiuli-1396,עין אשחר ועין מירב: מסלול מעגלי בין מעיינות נחל געתון,"טיול לאורך נחל ומקווי מים בצפון הארץ, באורך של כ-3.5 ק""מ ברמת קושי קלה.",water,easy,north,33.015297,35.201453,כשעה,3.5,2313,false,false,false,false,free,,,
lm-603ab69a,עין אשקף,עין אשקף — מעיין / מקור מים באזור ירושלים / הרי יהודה והשפלה,water,easy,jerusalem,31.756634,35.126874,,0,0,true,false,false,true,free,,,https://www.geonames.org/advanced-search.html?country=IL&q=Israeli
lm-4e14954d,עין בוקק,עין בוקק — מעיין / מסלול מים באזור ים המלח,water,easy,deadsea,31.2,35.36,,0,0,true,false,false,true,free,,,https://www.parks.org.il/%D7%9E%D7%A1%D7%9C%D7%95%D7%9C%D7%99-%D7%98%D7%99%D7%95%D7%9C/
tiuli-3,"עין בוקק, נחל בוקק וצוק תמרור","מסלול טיול לאורך נחל ומקווי מים, באזור ים המלח ומדבר יהודה, באורך כ-10 ק""מ ברמת קושי בינונית.",water,medium,deadsea,31.174,35.3064,כ-3 שעות,10,483,false,false,false,false,free,,,
ein-gones,עין ג'ונס,"מעיין מים חמים ברמת הגולן עם בריכות טבעיות ומרחצאות עתיקים, יעד תיירותי מבוקש הפתוח לאורך כל השנה.",water,easy,north,32.6820921,35.6664943,כשעה,1,650,true,false,false,true,free,,1,
ein-gonen,עין ג'ונס,"מעיין חם טבעי עם ריח גופרית, בתוך שרידי מבנים עתיקים ומרחצאות רומיים, סמוך לחמת גדר - חוויית-טבע בלתי-אמצעית ופחות מוסדרת מהאתר המסחרי הסמוך.",heritage,medium,north,32.6820921,35.6664943,שעה,0.5,1654,false,false,false,true,free,,1,
eingedi,עין גדי,"שמורת טבע מדברית עם מעיינות מים מתוקים היורדים אל ים המלח, ובית גידול טבעי ליעלים ולשפני סלע.",reserves,easy,deadsea,31.4618,35.3822,2 שעות,2.8,22100,false,false,false,false,free,,,
ein-dvir,עין דביר,"בריכת מעיין נעימה בסמוך לקיבוץ עמיעד, עם דק-עץ ופינות-ישיבה מוצלות - יעד קליל ונגיש למשפחות באזור רמת כורזים.",water,easy,north,32.925641,35.557463,כחצי שעה,0.5,130,true,false,false,true,free,,0.5,
lm-3fe319ff,עין דור,עין דור — מעיין / מקור מים באזור צפון / גליל תחתון עמקים וגלבוע,water,easy,north,32.642525,35.391611,,0,0,true,false,false,true,free,,,https://www.geonames.org/advanced-search.html?country=IL&q=Israeli
ein-divsha,עין דיבשה,"מעיין זורם קטן וצלול בגליל העליון, עם מסלול-הליכה קליל בתוך אפיק הנחל - יעד רגוע ומוצל, פחות עמוס מהמעיינות הגדולים בסביבה.",water,easy,north,33.09,35.6472222,כחצי שעה,1,150,true,false,false,true,free,,0.5,
ein-hadayag,עין הדייג,"מעיין צלול ונסתר בלב עמק החולה, סמוך ליסוד המעלה - נחל קטן וירוק המספק פינת-טבע שקטה הרחק מהעין.",water,easy,north,33.073438,35.5881812,כחצי שעה,0.5,80,true,false,false,true,free,,0.5,
ein-hod,עין הוד,"כפר-אמנים ציורי במורדות הכרמל, המאכלס גלריות, בתי-קפה וסדנאות-אמנות בבתי-אבן ישנים - שילוב נדיר של נוף כרמל ירוק וסצנת-תרבות פעילה, מתאים לטיול-בוקר רגוע.",urban,easy,north,32.700292,34.982716,שעה-שעתיים,1,130,true,false,false,false,free,,1.5,
ein-hamesayaat,עין המסייעת (המעיין המסתובב),"מעיין ידוע ומרשים בקרבת ירושלים, המכונה ""המעיין המסתובב"" - בריכת-מים גדולה בשמורת-טבע עם נוף פתוח.",water,medium,jerusalem,31.8015927,35.1318339,שעה,1.5,154,false,false,false,true,free,,1,
ein-hanatziv,"עין הנצי""ב","מעיין זורם בקיבוץ עין הנצי""ב בעמק בית שאן, עם בריכה ומפל קטן - יעד רגוע לצד היישוב.",water,easy,north,32.47071,35.501973,שעה,1,60,true,false,false,true,free,,1,
ein-ziv,עין זיו,"מפל ובריכת-מעיין ציוריים בנחל כזיב, במרחק הליכה מעין טמיר ומצפור מונפורט - אחד המקומות היפים באזור בעונת הזרימה.",water,medium,north,33.0366667,35.2727778,שעה,2,60,true,false,false,true,free,,1,
lm-2fe74540,עין זיק,עין זיק — מעיין / נווה מדבר באזור נגב / שדה בוקר,water,easy,south,30.95,34.82,,0,0,true,false,false,true,free,,,https://www.parks.org.il/%D7%9E%D7%A1%D7%9C%D7%95%D7%9C%D7%99-%D7%98%D7%99%D7%95%D7%9C/
lm-ba09b36b,עין זיתים,עין זיתים — מעיין / מקור מים באזור צפון / גליל עליון ואצבע הגליל,water,easy,north,32.965,35.485,,0,0,true,false,false,true,free,,,https://www.geonames.org/advanced-search.html?country=IL&q=Israeli
lm-947758e8,עין חגלה,עין חגלה — מעיין / מקור מים באזור מדבר יהודה / ים המלח ובקעת הירדן,water,easy,deadsea,31.83,35.51,,0,0,true,false,false,true,free,,,https://www.geonames.org/advanced-search.html?country=IL&q=Israeli
lm-ed257803,עין חובילה,עין חובילה — מעיין / מקור מים באזור ירושלים / הרי יהודה והשפלה,water,easy,jerusalem,31.6576,35.1022,,0,0,true,false,false,true,free,,,https://www.geonames.org/advanced-search.html?country=IL&q=Israeli
ein-hotem,עין חותם,"מעיין זורם בנחל כזיב העליון, בתוך שמורת הטבע נחל כזיב - בריכת-מים צלולה בסביבה ירוקה ומוצלת.",water,medium,north,33.004496,35.344056,שעה,2,90,true,false,false,true,free,,1,
lm-9c78d279,עין חנדק,עין חנדק — מעיין / מקור מים באזור ירושלים / הרי יהודה והשפלה,water,easy,jerusalem,31.762368,35.139001,,0,0,true,false,false,true,free,,,https://www.geonames.org/advanced-search.html?country=IL&q=Israeli
lm-28dc24a0,עין חניה,עין חניה — מעיין / אתר ארכיאולוגי באזור ירושלים,water,easy,jerusalem,31.73,35.16,,0,0,true,false,false,true,free,,,https://www.parks.org.il/%D7%9E%D7%A1%D7%9C%D7%95%D7%9C%D7%99-%D7%98%D7%99%D7%95%D7%9C/
ein-hardelit,עין חרדלית,"אחד המעיינות המוכרים והפופולריים בנחל כזיב - בריכת-מים גדולה ועמוקה מוקפת צמחייה ירוקה, יעד מבוקש בעונה החמה.",water,easy,north,33.0431136,35.1857872,שעה,1,750,true,false,false,true,free,,1,
lm-0a5fcb1b,עין חרוד,עין חרוד — מעיין / מקור מים באזור צפון / גליל תחתון עמקים וגלבוע,water,easy,north,32.5553,35.3897,,0,0,true,false,false,true,free,,,https://www.geonames.org/advanced-search.html?country=IL&q=Israeli
ein-yivka,עין יבקע (מעיין הסוסים),מעיין זורם ופופולרי בגליל התחתון עם בריכת-מים גדולה ונוף ירוק מסביב - יעד רחצה מבוקש למשפחות.,water,easy,north,32.756441,35.174689,שעה,1,730,true,false,false,true,free,,1,
lm-b1cb50a6,עין יהב,עין יהב — מעיין / מקור מים באזור ערבה / הרי אילת,water,easy,south,30.65,35.21,,0,0,true,false,false,true,free,,,https://www.geonames.org/advanced-search.html?country=IL&q=Israeli
ein-yizrael,עין יזרעאל,"מעיין זורם לצד הגלבוע בעמק יזרעאל, עם בריכת-מים גדולה ומרפסת-עץ מעליה - יעד רחצה מבוקש ופופולרי באזור.",water,easy,north,32.559681,35.337471,שעה,1,400,true,false,true,true,free,,1,
ein-yarda,עין ירדה,"מעיין טבעי סמוך לראש פינה, באזור טיולים רגליים נעים - נקודת-מים שקטה בתוך נוף גלילי ירוק.",water,easy,north,33.0092865,35.5900929,כחצי שעה,1,70,true,false,false,true,free,,0.5,
ein-yorkeam,עין ירקעם,"מעיין מדברי נידח באזור מכתש רמון, בסמוך למצפה רמון - יעד לא-מוכר-מדי המשולב לרוב במסלולי-הליכה ארוכים וארוכי-טווח בהרי הנגב.",water,hard,south,30.9377778,35.04,4-5 שעות,9,60,false,false,false,true,free,,4.5,
lm-597e7572,עין ירקעם,עין ירקעם — גב / אתר מים באזור נגב,water,easy,south,30.92,34.98,,0,0,true,false,false,true,free,,,https://www.parks.org.il/%D7%9E%D7%A1%D7%9C%D7%95%D7%9C%D7%99-%D7%98%D7%99%D7%95%D7%9C/
lm-4467df3c,עין כובס,עין כובס — מעיין / מקור מים באזור צפון / גליל עליון ואצבע הגליל,water,easy,north,32.96,35.51,,0,0,true,false,false,true,free,,,https://www.geonames.org/advanced-search.html?country=IL&q=Israeli
ein-kovshim,עין כובשים,"מעיין ופארק-חיות-בר קטן ביער חניתה בגליל המערבי, סמוך לאתר חומה ומגדל ולנחל הבאר - יעד משפחתי שקט.",water,easy,north,33.0822513,35.1697351,כחצי שעה,0.5,40,true,false,false,true,free,,0.5,
ein-kef,עין כיף,"בריכת מעיין קטנה ומוצלת בעצי תות בדרום רמת הגולן, סמוך לנחל אל-על - פינת-צינון שקטה עם שולחנות פיקניק, פחות מוכרת מהאתרים הגדולים בסביבה.",water,easy,north,32.8308,35.7644,כחצי שעה,0.5,60,true,false,false,true,free,,0.5,
ein-kesalon,עין כסלון,"בריכת-מעיין קטנה בנחל כסלון, עם קירות-אבן מסביב - נקודת-עצירה נעימה בדרך בהרי ירושלים.",water,easy,jerusalem,31.7780556,35.0511111,כחצי שעה,0.5,62,true,false,false,true,free,,0.5,
tiuli-91,עין כרם,"טיול בטבע פתוח בהרי ירושלים, באורך של כ-3 ק""מ ברמת קושי קלה.",nature,easy,jerusalem,31.7664,35.1625,כחצי שעה,3,2984,false,false,false,false,free,,,
lm-88ceecca,עין לבן,עין לבן — מעיין באזור ירושלים,water,easy,jerusalem,31.748,35.179,,0,0,true,false,false,true,free,,,https://www.parks.org.il/%D7%9E%D7%A1%D7%9C%D7%95%D7%9C%D7%99-%D7%98%D7%99%D7%95%D7%9C/
ein-limor,עין לימור,"מעיין אינטימי בלב הרי ירושלים, סמוך לכפר עין ראפה, עם גישת-רכב נוחה כמעט עד המים - יעד רומנטי ושקט.",water,easy,jerusalem,31.792537,35.107359,כחצי שעה,0.5,120,true,false,false,true,free,,0.5,
lm-27f5aa26,עין מבוע,עין מבוע — מעיין באזור ירושלים ומדבר יהודה,water,easy,jerusalem,31.76,35.32,,0,0,true,false,false,true,free,,,https://www.parks.org.il/reserve-park/%D7%A9%D7%9E%D7%95%D7%A8%D7%AA-%D7%94%D7%98%D7%91%D7%A2-%D7%A0%D7%97%D7%9C-%D7%A4%D7%A8%D7%AA-%D7%95%D7%90%D7%93%D7%99-%D7%A7%D7%9C%D7%98/
tiuli-62,"עין מבוע, נחל פרת - ואדי קלט","יעד טיול לאורך נחל ומקווי מים באזור ים המלח ומדבר יהודה — מסלול באורך כ-7 ק""מ, רמת קושי בינונית.",water,medium,deadsea,31.8324,35.3068,כ-2 שעות,7,1215,false,false,false,false,free,,,
ein-majnuna,עין מג'נונה,"מעיין בשמורת נחל בית העמק בגליל המערבי, המכונה גם ""המעיין המשוגע"" בזכות זרימתו הבלתי-סדירה - אתר טבע ייחודי.",water,medium,north,32.9616667,35.2279722,שעה,1.5,25,true,false,false,true,free,,1,
ein-moda,עין מודע,"אחד המעיינות המוכרים בפארק המעיינות בעמק בית שאן - בריכת-מים גדולה וטבעית, יעד רחצה מבוקש בעונה החמה.",water,easy,north,32.4790587,35.4559664,שעה,1.5,950,true,false,false,true,free,,1,
lm-04e75e13,עין מודע,עין מודע — מעיין באזור צפון / עמק המעיינות,water,easy,north,32.49,35.405,,0,0,true,false,false,true,free,,,https://www.parks.org.il/%D7%9E%D7%A1%D7%9C%D7%95%D7%9C%D7%99-%D7%98%D7%99%D7%95%D7%9C/
lm-02130bcf,עין מור,עין מור — מעיין / מקור מים באזור נגב / באר שבע והר הנגב,water,easy,south,30.81,34.785,,0,0,true,false,false,true,free,,,https://www.geonames.org/advanced-search.html?country=IL&q=Israeli
ein-matta,עין מטע,"מעיין קטן ושקט בהרי ירושלים, עם בריכת-מים צלולה מוקפת סלעים - יעד נעים לביקור קצר מחוץ לעיר.",water,easy,jerusalem,31.7155556,35.05,כחצי שעה,0.5,46,true,false,false,true,free,,0.5,
ein-miklaf,עין מקלף,"מעיין קטן ונגיש ליד מוצא, עם גישה נוחה כמעט עד לבריכת-המים - יעד קליל וקרוב לירושלים.",water,easy,jerusalem,31.7941887,35.1648354,כחצי שעה,0.5,10,true,false,false,true,free,,0.5,
ein-nun,עין נון,"מעיין קסום סמוך למגדל, לצד נופי הכנרת - בריכת-מים קטנה ומוצלת בתוך שטח חקלאי-ירוק, יעד שקט לביקור קליל.",water,easy,north,32.8411111,35.5102778,כחצי שעה,0.5,100,true,false,false,true,free,,0.5,
lm-9edf9f8b,עין נון,עין נון — מעיין באזור צפון / כנרת,water,easy,north,32.868,35.553,,0,0,true,false,false,true,free,,,https://www.parks.org.il/%D7%9E%D7%A1%D7%9C%D7%95%D7%9C%D7%99-%D7%98%D7%99%D7%95%D7%9C/
ein-nezem,עין נזם,"מעיין בלב השדות בעמק בית שאן, עם בריכת-מים טבעית מוקפת ירק - יעד קליל ופחות תיירותי.",water,easy,north,32.4322222,35.5133333,שעה,1,190,true,false,false,true,free,,1,
ein-netofa,עין נטופה,מעיין נובע מול נוף פתוח של בקעת בית נטופה בגליל התחתון - יעד שקט ופחות מוכר.,water,medium,north,32.8391667,35.3744444,שעה,1.5,6,true,false,false,true,free,,1,
lm-2a36ce66,עין נטפים,עין נטפים — מעיין / מסלול באזור אילת,water,easy,eilat,29.634,34.953,,0,0,true,false,false,true,free,,,https://www.parks.org.il/%D7%9E%D7%A1%D7%9C%D7%95%D7%9C%D7%99-%D7%98%D7%99%D7%95%D7%9C/
ein-nili,עין נילי,"מעיין זורם ברמות מנשה, עם בריכת-מים נעימה לרחצה בעונה החמה - יעד פופולרי יחסית באזור.",water,easy,north,32.5541667,35.0494444,שעה,1,161,true,false,false,true,free,,1,
lm-4f538368,עין נקופה ויער הסתדרות המורים,עין נקופה ויער הסתדרות המורים — יער / מסלול באזור מרכז / ירושלים והשפלה,water,easy,center,31.808983259334,35.143032073975,,0,0,true,false,false,true,free,,,https://www.kkl.org.il/travel/trips/itineraries_for_families/itineraries_for_families_center/
ein-saharonim,עין סהרונים,"מעיין מדברי בלב מכתש רמון, בקרבת נחל נקרות - נווה מדבר קטן המושך צבי ויעלים, ותחנת-ביניים פופולרית במסלולי חציית המכתש.",water,medium,south,30.6025,34.9347222,3-4 שעות,7,90,false,false,false,true,free,,3.5,
lm-644c897d,עין סטף,עין סטף — מעיין / נקבה באזור ירושלים / הרי יהודה,water,easy,jerusalem,31.765,35.118,,0,0,true,false,false,true,free,,,https://www.kkl.org.il/travel/water_trips_2025/
lm-73129475,עין סעדים,עין סעדים — מעיין / מקור מים באזור ירושלים / הרי יהודה והשפלה,water,easy,jerusalem,31.75269,35.12617,,0,0,true,false,false,true,free,,,https://www.geonames.org/advanced-search.html?country=IL&q=Israeli
ein-sappir,עין ספיר,מעיין הנובע בתוך מערה קטנה בהרי ירושלים - יעד ייחודי וסקרן למטיילים המחפשים חוויה שונה.,water,medium,jerusalem,31.7608333,35.1313889,שעה,1,145,false,false,false,true,free,,1,
lm-97d80ac5,עין ספיר,עין ספיר — מעיין / נקבה באזור ירושלים / הרי יהודה,water,easy,jerusalem,31.742,35.172,,0,0,true,false,false,true,free,,,https://www.parks.org.il/%D7%9E%D7%A1%D7%9C%D7%95%D7%9C%D7%99-%D7%98%D7%99%D7%95%D7%9C/
einavdat,עין עבדת,"קניון מדברי עם מפל מים ובריכות טבעיות בלב מכתש הנקרות, נחל הזורם כל השנה.",water,medium,south,30.7961,34.7722,2 שעות,2.2,10600,false,false,false,false,free,,,
lm-79f6bcc4,עין עבדת,עין עבדת — מעיין / מקור מים באזור נגב / באר שבע והר הנגב,water,easy,south,30.83,34.77,,0,0,true,false,false,true,free,,,https://www.geonames.org/advanced-search.html?country=IL&q=Israeli
tiuli-76,עין עבדת ועיר הנבטים עבדת,"טיול בטבע פתוח בנגב ובדרום הארץ, באורך של כ-3 ק""מ ברמת קושי קלה.",nature,easy,south,30.8362,34.7746,כחצי שעה,3,2069,false,false,false,false,free,,,
lm-7257ce9f,עין עברונה,עין עברונה — מעיין / מקור מים באזור ערבה / הרי אילת,water,easy,south,29.66,35.02,,0,0,true,false,false,true,free,,,https://www.geonames.org/advanced-search.html?country=IL&q=Israeli
lm-d79f078a,עין עוג'ה,עין עוג'ה — מעיין / מקור מים באזור מדבר יהודה / ים המלח ובקעת הירדן,water,easy,deadsea,31.955,35.445,,0,0,true,false,false,true,free,,,https://www.geonames.org/advanced-search.html?country=IL&q=Israeli
ein-auja,"עין עוג'ה (עין ייט""ב)","מעיין גדול וזורם בבקעת הירדן, עם מפל קטן ובריכת-מים רחבה - יעד רחצה מוכר באזור יריחו.",water,easy,jerusalem,31.9482226,35.4085023,שעה,1,96,true,false,false,true,free,,1,
ein-uzi,עין עוזי (עין עזי),"מעיין ייחודי הנובע לתוך מבנה-בטון קטן סמוך למושב היוגב, עם עצי שקד ותאנה מסביב - אתר תיירותי-כפרי צנוע.",water,medium,north,32.594013,35.1813944,כחצי שעה,0.5,17,true,false,false,true,free,,0.5,
ein-almin,עין עלמין - בריכת הקצינים,"בריכת מעיין קטנה וצלולה ברמת הגולן, מוקפת עצי הרדוף ועצי פרי בר - נקודת-עצירה נעימה וקרירה לצינון קליל בתוך מסלול ארוך יותר באזור.",water,easy,north,32.994262,35.639815,כחצי שעה,0.5,90,true,false,false,true,free,,0.5,
lm-dbf2d321,עין עקב,עין עקב — מעיין / מסלול באזור נגב / שדה בוקר,water,easy,south,30.87,34.85,,0,0,true,false,false,true,free,,,https://www.parks.org.il/%D7%9E%D7%A1%D7%9C%D7%95%D7%9C%D7%99-%D7%98%D7%99%D7%95%D7%9C/
tiuli-121,"עין עקב, חוד עקב ומעלה דבשון","טיול בטבע פתוח בנגב ובדרום הארץ, באורך של כ-3 ק""מ ברמת קושי בינונית.",nature,medium,south,30.8432,34.779,כחצי שעה,3,1947,false,false,false,false,free,,,
ein-poriya,עין פוריה,"מעיין קטן מול נופי הכנרת בגבעות פוריה שמעל טבריה - בריכת-אבן צנועה בשטח פתוח, עם תצפית פתוחה על האגם.",water,easy,north,32.7305556,35.5541667,כחצי שעה,0.5,35,true,false,false,true,free,,0.5,
ein-filter,עין פילטר,"מעיין עם בריכת-אגירה עגולה ועמוקה בלב העיר צפת, סמוך למגרש הכדורגל העירוני - שוחזר והונגש בשנים האחרונות, ולפי המסורת המקומית הוא המשך זרימתם של מי עין הארי.",water,easy,north,32.964648,35.495997,כחצי שעה,0.3,60,true,false,true,true,free,,0.5,
ein-pik,עין פיק,"מעיין זורם בדרום רמת הגולן עם בריכת-טבילה טבעית בצל עצים גבוהים, קרוב לחניה ונגיש להליכה קצרה - אחד המעיינות האהובים והמבוקרים באזור.",water,easy,north,32.775199,35.701358,כחצי שעה,1,320,true,false,false,true,free,,0.5,
ein-plotit,עין פלוטית (המעיין הנסתר),"מעיין-אגם נסתר ליד נאות הכיכר, דרום ים המלח - מים צלולים לשחייה בלב נוף-מדבר צחיח, יעד פופולרי ומוערך.",water,easy,deadsea,30.9559055,35.3638077,שעה,1,412,true,false,false,true,free,,1,
lm-24bd0863,עין פרת,עין פרת — מעיין / מסלול מים באזור מדבר יהודה,water,easy,deadsea,31.82,35.3,,0,0,true,false,false,true,free,,,https://www.parks.org.il/%D7%9E%D7%A1%D7%9C%D7%95%D7%9C%D7%99-%D7%98%D7%99%D7%95%D7%9C/
lm-f029a094,עין פשחה,עין פשחה — מעיין / מקור מים באזור מדבר יהודה / ים המלח ובקעת הירדן,water,easy,deadsea,31.72,35.455,,0,0,true,false,false,true,free,,,https://www.geonames.org/advanced-search.html?country=IL&q=Israeli
ein-zemed,עין צמד,"מעיין קטן וירוק בעמק בית שאן, סמוך לנחל אבוקה - נקודת-מים שקטה ופחות מוכרת מהמעיינות הגדולים בסביבה.",water,easy,north,32.4769444,35.5208333,כחצי שעה,0.5,20,true,false,false,true,free,,0.5,
ein-kazan,עין קאזאן,"מאגר-מעיין גדול בכפר כמא, מול נופי הר התבור - יעד רחצה שקט ופחות מוכר לתיירים מחוץ לאזור.",water,easy,north,32.7131841,35.414704,שעה,0.5,184,true,false,false,true,free,,1,
ein-kedem,עין קדם,"מעיין נופי בכרמל, עם בריכה קטנה בין סלעים ומערה סמוכה - נוף פתוח ושקט הרחק מהעיר, מבוקש בעיקר בסתיו ובחורף.",water,medium,north,32.760393,34.99532,שעה,2,30,true,false,false,true,free,,1,
ein-kedem-hot-springs,עין קדם (מעיינות חמים בנחל קדם),"מעיינות חמים טבעיים (40-45 מעלות) הזורמים אל חוף ים המלח, סמוך למצוקי דרגות - האזור מועד לבולענים ומשתנה עם הזמן, מומלץ להגיע עם מדריך מקומי בלבד.",water,medium,deadsea,31.514975,35.395478,שעה,1,405,false,false,false,true,free,winter,1,
lm-6738dddc,עין קובי,עין קובי — מעיין / נקבה באזור ירושלים / הרי יהודה,water,easy,jerusalem,31.762,35.168,,0,0,true,false,false,true,free,,,https://www.kkl.org.il/travel/water_trips_2025/
lm-41b4ec78,עין קלט,עין קלט — מעיין / מסלול באזור ירושלים ומדבר יהודה,water,easy,jerusalem,31.84,35.41,,0,0,true,false,false,true,free,,,https://www.parks.org.il/reserve-park/%D7%A9%D7%9E%D7%95%D7%A8%D7%AA-%D7%94%D7%98%D7%91%D7%A2-%D7%A0%D7%97%D7%9C-%D7%A4%D7%A8%D7%AA-%D7%95%D7%90%D7%93%D7%99-%D7%A7%D7%9C%D7%98/
ein-keshatot,עין קשתות (אום אל קנטיר),"אתר ארכיאולוגי משוחזר ברמת הגולן סביב בית-כנסת עתיק ואמת-מים רומית, ולצדו מעיין זורם עם בריכה - שילוב נדיר של היסטוריה וטבע בדרכי-הליכה נוחות ומשופצות.",archaeology,easy,north,32.8496085,35.7398508,שעה-שעה וחצי,1,900,true,false,true,true,paid,,1.25,
ein-rihaniya,עין ריחניה (מפל ריחניה),"מפל ובריכת-מעיין ברמות מנשה, בתוך נוף ירוק ושקט - יעד קליל למרחק הליכה קצר מהחניה.",water,medium,north,32.6207674,35.0909932,שעה,1.5,40,true,false,false,true,free,,1,
lm-fbd26c91,עין שביב,עין שביב — מעיין / נווה מדבר באזור נגב / שדה בוקר,water,easy,south,30.8,34.8,,0,0,true,false,false,true,free,,,https://www.parks.org.il/%D7%9E%D7%A1%D7%9C%D7%95%D7%9C%D7%99-%D7%98%D7%99%D7%95%D7%9C/
ein-shoko,עין שוקו,"מעיין טבעי בלב יער תיירותי ברמת הגולן, עם ברכת-מים צלולה מוצלת ופינות-ישיבה מסביב - יעד קליל ונוח למשפחות.",water,easy,north,32.7396964,35.6521549,כחצי שעה,1,220,true,false,false,true,free,,0.5,
ein-shokek,עין שוקק,"מעיין יפהפה בפארק המעיינות בעמק בית שאן, עם מסלול-מים קליל המתאים לכל המשפחה ומים צלולים לאורך כל השנה.",water,easy,north,32.4963889,35.445,שעה,1.5,150,true,false,false,true,free,,1,
lm-3cd54d49,עין שוקק,עין שוקק — מעיין באזור צפון / עמק המעיינות,water,easy,north,32.478,35.414,,0,0,true,false,false,true,free,,,https://www.parks.org.il/%D7%9E%D7%A1%D7%9C%D7%95%D7%9C%D7%99-%D7%98%D7%99%D7%95%D7%9C/
ein-siach,עין שיח,"בריכת מעיין ירוקה ופופולרית בנחל שיח בחיפה, בתוך פארק עירוני נעים - יעד משפחתי נגיש עם מקום לשבת ולנוח.",water,easy,north,32.8025321,34.9711695,כחצי שעה,1,140,true,false,true,true,free,,0.5,
ein-shaal,עין שעל,"מעיין קטן ופחות מוכר בנחל שעל בגליל המערבי, בתוך נוף פתוח ושקט - יעד לחובבי מעיינות-נסתרים.",water,medium,north,33.0311111,35.2158333,שעה,2,15,true,false,false,true,free,,1,
tiuli-31,עין שרונה ובקעת יבניאל,"טיול בטבע פתוח בצפון הארץ, באורך של כ-3 ק""מ ברמת קושי קלה.",nature,easy,north,32.7135,35.4728,כחצי שעה,3,2191,false,false,false,false,free,,,
ein-sharkarek,עין שרקרק,"מעיין קטן וצנוע באזור אלונים-טבעון, בשטח פתוח ושקט - יעד לחובבי מעיינות-נסתרים.",water,medium,north,32.7132919,35.1419806,שעה,1,18,true,false,false,true,free,,1,
lm-b826e98c,עין תינה,עין תינה — מסלול מים באזור צפון / גולן,water,easy,north,33.235,35.65,,0,0,true,false,false,true,free,,,https://www.parks.org.il/trip/page/2/
ein-tanur-jerusalem,עין תנור (הרי ירושלים),"מעיין קטן וצנוע בהרי ירושלים, סמוך לעין מטע - נקודת-מים שקטה ופחות מוכרת לתיירים.",water,easy,jerusalem,31.714677,35.048391,כחצי שעה,0.5,32,true,false,false,true,free,,0.5,
lm-dc92052c,עינות צוקים,עינות צוקים — מעיינות / שמורת טבע באזור ים המלח,water,easy,deadsea,31.71,35.45,,0,0,true,false,false,true,free,,,https://www.parks.org.il/%D7%9E%D7%A1%D7%9C%D7%95%D7%9C%D7%99-%D7%98%D7%99%D7%95%D7%9C/
tiuli-45,עינות צוקים (עין פשחה) וקומראן,"מסלול טיול בטבע פתוח, באזור ים המלח ומדבר יהודה, באורך כ-6 ק""מ ברמת קושי בינונית.",nature,medium,deadsea,31.7164,35.4513,כ-2 שעות,6,3045,false,false,false,false,free,,,
einot-tzipori,עינות ציפורי,"מעיין צלול ומרענן באזור נצרת, עם שרידים עתיקים בסביבה - יעד קליל לביקור קצר.",water,easy,north,32.733722,35.276754,כחצי שעה,0.5,13,true,false,false,true,free,,0.5,
cityofdavid,עיר דוד,"האתר הארכיאולוגי שבו נוסדה ירושלים הקדומה, כולל מנהרות מים תת-קרקעיות מתקופת המקרא.",archaeology,medium,jerusalem,31.7739,35.2354,2 שעות,1,9800,false,false,false,false,free,,,
lm-6d7f71f7,עכו העתיקה,עכו העתיקה — נקודת עניין / טיול באזור מרכז / גוש דן ואתרים עירוניים,archaeology,easy,center,32.9213,35.0685,,0,0,true,false,false,false,free,,,https://www.geonames.org/advanced-search.html?country=IL&q=Israeli
amram-pillars,עמודי עמרם,"תצורות סלע חול אדמדם ייחודיות בהרי אילת, שנוצרו על ידי בליה ומזכירות עמודי-ענק טבעיים - אתר גיאולוגי מרשים וקל להגעה, פופולרי לצילום בשעות אור רכות.",viewpoints,easy,eilat,29.652746,34.932271,שעה,2,110,true,false,false,false,free,,1,
lm-25a37be0,עמק הארזים,עמק הארזים — נקודת עניין / טיול באזור ירושלים / הרי יהודה והשפלה,nature,easy,jerusalem,31.800344,35.171345,,0,0,true,false,false,false,free,,,https://www.geonames.org/advanced-search.html?country=IL&q=Israeli
tiuli-39,עמק החולה,"מסלול טיול בטבע פתוח, בצפון הארץ, באורך כ-2 ק""מ ברמת קושי קלה.",nature,easy,north,33.0671,35.5966,כחצי שעה,2,2679,false,false,false,false,free,,,
lm-22065e1b,פארק אגם נתניה,פארק אגם נתניה — פארק / שמורה / יער באזור מרכז / השרון ומישור החוף,nature,easy,center,32.2864,34.853,,0,0,true,false,false,false,free,,,https://www.kkl.org.il/travel/
lm-ca3eaf62,פארק אגם ראשון לציון,פארק אגם ראשון לציון — פארק / שמורה / יער באזור מרכז / השרון ומישור החוף,nature,easy,center,31.9797,34.7714,,0,0,true,false,false,false,free,,,https://www.kkl.org.il/travel/
lm-ec59c7a1,פארק אופקים,פארק אופקים — טיול / נקודת עניין באזור דרום / נגב וערבה,nature,easy,south,31.30761,34.6348,,0,0,true,false,false,false,free,,,https://www.kkl.org.il/travel/trips/itineraries_for_families/itineraries_for_families_south/
tiuli-343,פארק אפק - מתחם תל אפק (אנטיפטריס) בגן הלאומי ירקון,"טיול באתר ארכיאולוגי במרכז הארץ, באורך של כ-4 ק""מ ברמת קושי קלה.",archaeology,easy,center,32.1053092,34.930512,כשעה,4,1154,false,false,false,false,free,,,
lm-599d38fe,פארק אקולוגי הוד השרון,פארק אקולוגי הוד השרון — פארק / שמורה / יער באזור מרכז / השרון ומישור החוף,nature,easy,center,32.1364,34.9205,,0,0,true,false,false,false,free,,,https://www.kkl.org.il/travel/
amatzyahu-ecological-park,פארק אקולוגי נחל אמציהו,"פארק-מים ירוק בנאות הכיכר, דרום ים המלח - בריכת-שכשוך, ספסלי-ישיבה ואנדרטה, יעד משפחתי נעים באזור המדברי.",water,easy,deadsea,30.9407053,35.3689517,שעה,1,217,true,true,true,true,free,,1,
ariel-sharon-park,פארק אריאל שרון,"אחד מפרויקטי-השיקום הסביבתי הגדולים בישראל - הר-הזבל לשעבר ""חיריה"" הפך לגבעה ירוקה ולפארק מטרופוליני ענק, עם שבילי הליכה ואופניים, אגמים מלאכותיים ותצפית פנורמית על גוש דן.",parks,easy,center,32.03041,34.82171,שעתיים-שלוש,5,200,true,true,true,true,free,,2.5,
lm-3428dfe4,פארק בגין,פארק בגין — טיול / נקודת עניין באזור מרכז / ירושלים והשפלה,nature,easy,center,31.722911,35.110502,,0,0,true,false,false,false,free,,,https://www.kkl.org.il/travel/trips/itineraries_for_families/itineraries_for_families_center/
lm-8f651fc3,פארק הוד השרון,פארק הוד השרון — פארק / שמורה / יער באזור מרכז / השרון ומישור החוף,nature,easy,center,32.147,34.9087,,0,0,true,false,false,false,free,,,https://www.kkl.org.il/travel/
yarkon-park,פארק הירקון,"הפארק העירוני הגדול בישראל, לאורך נהר הירקון בתל אביב - שבילי הליכה ואופניים, גני-אירועים, פארק-הרפתקאות ואגם סירות, יעד פנאי מרכזי לכל המשפחה במרכז הארץ.",parks,easy,center,32.1009693,34.8069446,כרצונך,5,250,true,true,true,true,free,,2,
lm-42f2837e,פארק הירקון,פארק הירקון — פארק / שמורה / יער באזור מרכז / השרון ומישור החוף,nature,easy,center,32.1003,34.8114,,0,0,true,false,false,false,free,,,https://www.kkl.org.il/travel/
lm-bfd3e883,פארק העצמאות תל אביב,פארק העצמאות תל אביב — פארק / שמורה / יער באזור מרכז / גוש דן ואתרים עירוניים,nature,easy,center,32.0887,34.7708,,0,0,true,false,false,false,free,,,https://www.kkl.org.il/travel/
kishon-park,פארק הקישון,"פינה ירוקה לאורך נהר הקישון בלב חיפה, עם טיילת, מזח סירות ושטחי דשא - מקום נעים לטיול רגוע או פיקניק משפחתי בתוך העיר.",parks,easy,north,32.8040862,35.029311,שעה-שעתיים,2,90,true,true,true,true,free,,1.5,
lm-f8e3aebb,פארק הרצליה,פארק הרצליה — פארק / שמורה / יער באזור מרכז / השרון ומישור החוף,nature,easy,center,32.1745,34.8244,,0,0,true,false,false,false,free,,,https://www.kkl.org.il/travel/
tiuli-41,פארק השרון ויער חדרה,"יעד טיול בטבע פתוח במרכז הארץ — מסלול באורך כ-6 ק""מ, רמת קושי בינונית.",nature,medium,center,32.4364,34.8988,כ-2 שעות,6,2801,false,false,false,false,free,,,
lm-e6a4b3e6,פארק יער שהם,פארק יער שהם — יער / מסלול באזור מרכז / ירושלים והשפלה,nature,easy,center,31.99722,34.95944,,0,0,true,false,false,false,free,,,https://www.kkl.org.il/travel/trips/itineraries_for_families/itineraries_for_families_center/
yeruham-navon-park,פארק יצחק נבון ירוחם,"פארק עירוני עם אגם-מים מלאכותי בלב העיירה ירוחם בנגב - נדבך ירוק ופתוח לנופש ופנאי משפחתי בתוך נוף מדברי, קרוב למכתש רמון ולשמורות הסובבות.",parks,easy,south,31.0286231,34.9556957,שעה-שעתיים,2,60,true,true,true,true,free,,1.5,
lm-1fd03bcf,פארק כפר סבא,פארק כפר סבא — פארק / שמורה / יער באזור מרכז / השרון ומישור החוף,nature,easy,center,32.1846,34.9277,,0,0,true,false,false,false,free,,,https://www.kkl.org.il/travel/
tiuli-333,פארק נשר: הגשרים התלויים בנחל קטיע,"מסלול טיול לאורך נחל ומקווי מים, בצפון הארץ, באורך כ-3 ק""מ ברמת קושי קלה.",water,easy,north,32.7682535,35.0305387,כחצי שעה,3,544,false,false,false,false,free,,,
emek-hatkhelet-park,פארק עמק התכלת,"פארק לאומי בסמוך לצפת עם מספר מעיינות ובריכות-אבן היסטוריות, שבילי-הליכה נוחים ופינות-צל - יעד משפחתי מבוקש.",parks,easy,north,32.9728877,35.4992642,שעה-שעה וחצי,2,380,true,true,false,true,free,,1.25,
tiuli-14,פארק קנדה לטרון (עמק איילון),"יעד טיול בטבע פתוח במרכז הארץ — מסלול באורך כ-4 ק""מ, רמת קושי קלה.",nature,easy,center,31.8365,34.9771,כשעה,4,1154,false,false,false,false,free,,,
lm-8e0ad281,פארק רעננה,פארק רעננה — פארק / שמורה / יער באזור מרכז / השרון ומישור החוף,nature,easy,center,32.1882,34.8505,,0,0,true,false,false,false,free,,,https://www.kkl.org.il/travel/
lm-0a23ceb2,פארק שלולית החורף בנתניה,פארק שלולית החורף בנתניה — טיול / נקודת עניין באזור מרכז / ירושלים והשפלה,nature,easy,center,32.2906436,34.8433572,,0,0,true,false,false,false,free,,,https://www.kkl.org.il/travel/trips/itineraries_for_families/itineraries_for_families_center/
tiuli-379,פארק שרשרת: נחל גרר,"טיול לאורך נחל ומקווי מים בנגב ובדרום הארץ, באורך של כ-3 ק""מ ברמת קושי קלה.",water,easy,south,31.376603,34.6130132,כחצי שעה,3,483,false,false,false,false,free,,,
lm-201f3dd5,פארק תמנע,פארק תמנע — טיול / נקודת עניין באזור דרום / נגב וערבה,nature,easy,south,29.77333,34.97639,,0,0,true,false,false,false,free,,,https://www.kkl.org.il/travel/trips/itineraries_for_families/itineraries_for_families_south/
patriot-yam-hamelach,פטריות ים המלח,"תופעת-טבע ייחודית - עמודי-מלח בצורת ""פטריות"" על חוף ים המלח, יעד תיירותי מוכר ופופולרי מאוד.",nature,easy,deadsea,31.1896851,35.3652565,כחצי שעה,0.5,1322,true,false,true,true,free,,0.5,
tiuli-301,פלורנטין ומרכז מסחרי: טעמים וצבעים בדרום תל-אביב,"טיול בטבע פתוח במרכז הארץ, באורך של כ-3 ק""מ ברמת קושי קלה.",nature,easy,center,32.0548554184244,34.7695645576721,כחצי שעה,3,1459,false,false,false,false,free,,,
lev-hayam-sculpture,פסל הלב במעגן מיכאל,"פסל אבן בצורת לב הממסגר תצפית אל הים התיכון וחופי בריכות הדגים, על גבעת כורכר קטנה בקיבוץ מעגן מיכאל - מוקד צילום פופולרי בשעת שקיעה.",viewpoints,easy,north,32.5613786,34.9096014,כשעה,1.2,130,true,false,false,true,free,,1,https://www.maslulim-israel.co.il/tracks/%d7%a4%d7%a1%d7%9c-%d7%94%d7%9c%d7%91-%d7%91%d7%a7%d7%99%d7%91%d7%95%d7%a5-%d7%9e%d7%a2%d7%92%d7%9f-%d7%9e%d7%99%d7%9b%d7%90%d7%9c-%d7%a0%d7%a7%d7%95%d7%93%d7%aa-%d7%aa%d7%a6%d7%a4%d7%99%d7%aa-%d7%95/
tiuli-200,צילום בשטח: שתי זריחות וצבעי המדבר באילת,"יעד טיול בטבע פתוח באזור אילת — מסלול באורך כ-2 ק""מ, רמת קושי קלה.",nature,easy,eilat,29.5484,34.9601,כחצי שעה,2,1032,false,false,false,false,free,,,
tiuli-369,קטע מספר 1: מהחרמון ועד לבניאס,"מסלול טיול בטבע פתוח, בצפון הארץ, באורך כ-3 ק""מ ברמת קושי בינונית.",nature,medium,north,33.3067316558926,35.7716523069457,כחצי שעה,3,2740,false,false,false,false,free,,,
tiuli-289,קטע מספר 2: מתל קצעה לבאב אל הווא,"טיול באתר ארכיאולוגי בצפון הארץ, באורך של כ-16 ק""מ ברמת קושי בינונית.",archaeology,medium,north,33.2189911517165,35.7542296027535,כ-5 שעות,16,727,false,false,false,false,free,,,
tiuli-290,קטע מספר 3: מבאב אל-הווא להר חוזק,"יעד טיול במסלול הררי בצפון הארץ — מסלול באורך כ-18 ק""מ, רמת קושי בינונית.",mountains,medium,north,33.1482503707933,35.778517127037,כ-6 שעות,18,788,false,false,false,false,free,,,
tiuli-291,קטע מספר 4: מהר חוזק לאום א-דנניר,"מסלול טיול במסלול הררי, בצפון הארץ, באורך כ-17 ק""מ ברמת קושי קלה.",mountains,easy,north,33.0488511608308,35.8513502533957,כ-5 שעות,17,849,false,false,false,false,free,,,
tiuli-292,קטע מספר 5: מאום א-דנניר לאום אל-קאנטיר,"טיול בטבע פתוח בצפון הארץ, באורך של כ-19 ק""מ ברמת קושי קלה.",nature,easy,north,32.9444135123241,35.8165765570666,כ-6 שעות,19,910,false,false,false,false,free,,,
tiuli-293,קטע מספר 6: מאום אל-קאנטיר לאמפי גולן,"יעד טיול בטבע פתוח בצפון הארץ — מסלול באורך כ-3 ק""מ, רמת קושי בינונית.",nature,medium,north,32.849561,35.737962,כחצי שעה,3,971,false,false,false,false,free,,,
tiuli-294,קטע מספר 7: מאמפי גולן לעין תאופיק,"מסלול טיול בטבע פתוח, בצפון הארץ, באורך כ-15 ק""מ ברמת קושי בינונית.",nature,medium,north,32.770023,35.6931694,כ-5 שעות,15,1032,false,false,false,false,free,,,
caesarea,קיסריה,"נמל רומי עתיק, אמפיתיאטרון וחומות צלבניות משוחזרות על חוף הים התיכון.",archaeology,easy,center,32.5,34.8913,2 שעות,1.8,16700,false,false,false,false,free,,,
tiuli-261,קניון ורדית ונחל אוביל,"מסלול טיול לאורך נחל ומקווי מים, בנגב ובדרום הארץ, באורך כ-3 ק""מ ברמת קושי בינונית.",water,medium,south,30.3475,35.0297,כחצי שעה,3,1886,false,false,false,false,free,,,
shehoret-canyon,קניון שחורת,"קניון גרניט מרשים בהרי אילת, עם דפנות סלע כהות שהעניקו לו את שמו - מסלול הליכה מדברי מאתגר בין קירות תלולים, מומלץ להתחיל השכם בבוקר בעונה הקרירה.",mountains,hard,eilat,29.6219417,34.9351267,3-4 שעות,6,120,false,false,false,false,free,,3.5,
tiuli-98,קצרין ונחל זוויתן עליון,"יעד טיול לאורך נחל ומקווי מים בצפון הארץ — מסלול באורך כ-8 ק""מ, רמת קושי בינונית.",water,medium,north,32.9842,35.7152,כ-3 שעות,8,544,false,false,false,false,free,,,
lm-52bdd58b,קרן נפתלי,קרן נפתלי — תצפית / מסלול באזור צפון / גליל עליון,viewpoints,easy,north,33.0898,35.5649,,0,0,true,false,false,false,free,,,https://www.kkl.org.il/scenic_lookouts/
roshhanikra,ראש הנקרה,"מערות גיר לבנות בגבול הצפוני, נגישות ברכבל תלולת מדרון מעל צוקים היורדים אל הים.",viewpoints,easy,north,33.0975,35.1058,1.5 שעות,0.8,17600,false,false,false,false,free,,,
lm-ef8a1c9a,רוחמה הישנה,רוחמה הישנה — טיול / נקודת עניין באזור דרום / נגב וערבה,nature,easy,south,29.57194,34.96056,,0,0,true,false,false,false,free,,,https://www.kkl.org.il/travel/trips/itineraries_for_families/itineraries_for_families_south/
tiuli-139,רחוב הנביאים בירושלים,"טיול בטבע פתוח בהרי ירושלים, באורך של כ-3 ק""מ ברמת קושי קלה.",nature,easy,jerusalem,31.7837,35.2222,כחצי שעה,3,3045,false,false,false,false,free,,,
tiuli-211,רחוב קינג ג'ורג' - אל מורדות הכרמל,"טיול בטבע פתוח במרכז הארץ, באורך של כ-1 ק""מ ברמת קושי קלה.",nature,easy,center,32.0738,34.7751,כחצי שעה,1,1703,false,false,false,false,free,,,
tiuli-78,רחובות: עיר המדע וההדרים,"מסלול טיול בטבע פתוח, במרכז הארץ, באורך כ-2 ק""מ ברמת קושי קלה.",nature,easy,center,31.9157,34.8101,כחצי שעה,2,2191,false,false,false,false,free,,,
tiuli-99,רכס בשנית: פריחת החלמונית והסתוונית,"מסלול טיול במסלול הררי, בצפון הארץ, באורך כ-4 ק""מ ברמת קושי קלה.",mountains,easy,north,33.0518,35.8494,כשעה,4,605,false,false,false,false,free,,,
tiuli-95,"רכס הררית, מבדד נטופה ועצי זית ענקיים","יעד טיול במסלול הררי בצפון הארץ — מסלול באורך כ-3 ק""מ, רמת קושי בינונית.",mountains,medium,north,32.8446,35.3648,כחצי שעה,3,361,false,false,false,false,free,,,
tiuli-305,רמלה – העיר המוסלמית שצמחה מן החולות,"יעד טיול בטבע פתוח בנגב ובדרום הארץ — מסלול באורך כ-7 ק""מ, רמת קושי קלה.",nature,easy,south,31.925059,34.874992,כ-2 שעות,7,1703,false,false,false,false,free,,,
tiuli-6,רמת הנדיב,"מסלול טיול בטבע פתוח, בצפון הארץ, באורך כ-5 ק""מ ברמת קושי קלה.",nature,easy,north,32.552,34.947,כ-2 שעות,5,666,false,false,false,false,free,,,
tiuli-81,שבטה - עיר נבטית בלב המדבר,"מסלול טיול באתר ארכיאולוגי, בנגב ובדרום הארץ, באורך כ-2 ק""מ ברמת קושי קלה.",archaeology,easy,south,30.8819,34.6284,כחצי שעה,2,2374,false,false,false,false,free,,,
yahmurim-trail,שביל היחמורים,"שביל קצר ונעים בחורש הכרמל, מחניון הכלניות ועד שמורת חי-בר כרמל, עם סיכוי להבחין בעדרי יחמורים ואיילי כרמל שהושבו לטבע.",reserves,easy,north,32.7571474,35.0201328,כשעה,1,340,true,false,false,false,free,,1,https://www.parks.org.il/trip/fallow-deer-carmel/
tiuli-315,שביל המטוס סובב איתנים,"מסלול טיול בטבע פתוח, בהרי ירושלים, באורך כ-1.5 ק""מ ברמת קושי קלה.",nature,easy,jerusalem,31.778466,35.0950645,כחצי שעה,1.5,2313,false,false,false,false,free,,,
tiuli-158,שביל ירושלים,"יעד טיול בטבע פתוח בהרי ירושלים — מסלול באורך כ-40 ק""מ, רמת קושי קלה.",nature,easy,jerusalem,31.7778,35.1292,כ-13 שעות,40,1337,false,false,false,false,free,,,
tiuli-189,שביל סובב כינרת,"מסלול טיול בטבע פתוח, בצפון הארץ, באורך כ-35 ק""מ ברמת קושי קלה.",nature,easy,north,32.712,35.5723,כ-11 שעות,35,361,false,false,false,false,free,,,
rekhet-trail,שביל רקית,"מסלול מעגלי ירוק ומגוון בלב הכרמל, מתחיל ומסתיים בחניון רקית ומשלב את חורבת רקית העתיקה - מסלול קליל ונעים למשפחות.",nature,easy,north,32.7151043,35.0121034,עד שעתיים,1.5,75,true,false,false,false,free,,1.5,https://www.maslulim-israel.co.il/tracks/%d7%a9%d7%91%d7%99%d7%9c-%d7%a8%d7%a7%d7%99%d7%aa-%d7%9e%d7%a1%d7%9c%d7%95%d7%9c-%d7%9e%d7%a9%d7%a4%d7%97%d7%aa%d7%99-%d7%99%d7%a8%d7%95%d7%a7-%d7%95%d7%9e%d7%92%d7%95%d7%95%d7%9f-%d7%91%d7%9b/
tiuli-1395,שוויצריה הקטנה: מסלול משפחות מעגלי,"מסלול טיול בטבע פתוח, בצפון הארץ, באורך כ-1.5 ק""מ ברמת קושי קלה.",nature,easy,north,32.7457409,35.0260361,כחצי שעה,1.5,2252,false,false,false,false,free,,,
tiuli-24,שוויצריה הקטנה: נחל כלח ונחל גלים,"מסלול טיול לאורך נחל ומקווי מים, בצפון הארץ, באורך כ-8 ק""מ ברמת קושי בינונית.",water,medium,north,32.7373,35.0366,כ-3 שעות,8,1764,false,false,false,false,free,,,
tiuli-30,שונית האלמוגים בחוף אלמוג,"מסלול טיול בטבע פתוח, באזור אילת, באורך כ-2 ק""מ ברמת קושי קלה.",nature,easy,eilat,29.5134,34.9247,כחצי שעה,2,2130,false,false,false,false,free,,,
shiloh-ancient,שילה הקדומה,"אתר ארכיאולוגי בהרי בנימין, בירתה הראשונה של עם ישראל בארץ כנען ומקום משכן-ה' לפני בניית בית המקדש - שרידי בית-כנסת ביזנטי, ומרכז-מבקרים המספר את סיפורי התנ""ך שקרו במקום.",archaeology,easy,center,32.0543463,35.2899853,שעה-שעתיים,1,110,true,false,false,false,paid,,1.5,https://www.maslulim-israel.co.il/tracks/%d7%91%d7%a9%d7%91%d7%99%d7%9c%d7%99-%d7%a9%d7%99%d7%9c%d7%94-%d7%94%d7%a7%d7%93%d7%95%d7%9e%d7%94-%d7%91%d7%99%d7%a8%d7%aa%d7%95-%d7%94%d7%a8%d7%90%d7%a9%d7%95%d7%a0%d7%94-%d7%a9%d7%9c-%d7%a2%d7%9d/
tiuli-137,שכונת רחביה בירושלים,"יעד טיול בטבע פתוח בהרי ירושלים — מסלול באורך כ-2 ק""מ, רמת קושי קלה.",nature,easy,jerusalem,31.775,35.217,כחצי שעה,2,2923,false,false,false,false,free,,,
tiuli-115,שלוחת איילה ונחל שמרי,"טיול לאורך נחל ומקווי מים בצפון הארץ, באורך של כ-4 ק""מ ברמת קושי בינונית.",water,medium,north,32.6323,34.9685,כשעה,4,1581,false,false,false,false,free,,,
tiuli-377,שמורת אלוני יצחק,"יעד טיול בשמורת טבע בצפון הארץ — מסלול באורך כ-1 ק""מ, רמת קושי קלה.",reserves,easy,north,32.5129513,35.00491160000001,כחצי שעה,1,361,false,false,false,false,free,,,
netanya-iris-reserve,שמורת האירוסים בנתניה,"שמורת טבע עירונית קטנה על גבעת-כורכר בלב נתניה, המשמרת אוכלוסיית אירוס החוף הנדיר - יעד קליל ופתוח לביקור, פורח בעיקר בחודשי החורף.",reserves,easy,center,32.2816794,34.8402083,חצי שעה-שעה,1,80,true,false,true,false,free,,0.75,
hula,שמורת החולה,שמורת אגם וביצה המשמשת תחנת עצירה למיליוני עופות נודדים פעמיים בשנה.,reserves,easy,north,33.0833,35.6,2 שעות,2.5,11400,false,false,false,false,free,,,
har-hatayasim,שמורת הר הטייסים,"שמורת טבע במדבר יהודה בין ירושלים לים המלח, הנקראת על שם אתר-הנצחה לטייסים - נוף מדברי פתוח ומסלולי הליכה אל עבר עין נסתרת בתחתית הערוץ.",mountains,medium,jerusalem,31.7743225,35.0912609,2-3 שעות,4,80,false,false,false,true,free,,2.5,
tiuli-51,שמורת הר מירון,"מסלול טיול בשמורת טבע, בצפון הארץ, באורך כ-3 ק""מ ברמת קושי בינונית.",reserves,medium,north,32.9793,35.4431,כחצי שעה,3,544,false,false,false,false,free,,,
tiuli-159,שמורת זיתא ותל זרור,"מסלול טיול בשמורת טבע, במרכז הארץ, באורך כ-6 ק""מ ברמת קושי קלה.",reserves,easy,center,32.4323,34.9445,כ-2 שעות,6,1398,false,false,false,false,free,,,
tiuli-106,שמורת חוף השרון,"טיול בשמורת טבע במרכז הארץ, באורך של כ-2 ק""מ ברמת קושי קלה.",reserves,easy,center,32.2171,34.8184,כחצי שעה,2,1032,false,false,false,false,free,,,
maagan-michael-beach-reserve,שמורת חוף וים מעגן מיכאל,"שמורת טבע ימית-חופית לחוף קיבוץ מעגן מיכאל, הכוללת איים קטנים סמוכים לחוף וחיים ימיים עשירים - חוף פראי ושקט הרחק מריכוזי-הנופש.",water,easy,center,32.5553868,34.9059288,שעה-שעתיים,2,90,true,true,false,true,free,,1.5,
alonei-kadima,שמורת טבע אלוני קדימה,"שמורת יער-אלונים טבעי במישור החוף המרכזי, השרידים האחרונים של יער-הבר שכיסה פעם את השרון - שבילי הליכה מוצלים בין עצי אלון-התבור עתיקים.",nature,easy,center,32.2872984,34.9211473,שעה-שעה וחצי,2,70,true,true,false,false,free,,1,
lm-233d86f7,שמורת טבע חוף האלמוגים,שמורת טבע חוף האלמוגים — שמורת טבע / חוף באזור ערבה / אילת,reserves,easy,south,29.5072117,34.9202831,,0,0,true,false,false,false,free,,,https://www.parks.org.il/trip/page/2/
evrona,שמורת טבע עברונה,"שמורת טבע במישור החוף הערבתי מצפון לאילת, המשמרת חורש-שיטה מדברי נדיר ובריכות-מים עונתיות - בית-גידול חשוב לציפורים נודדות ולבעלי-חיים מדבריים.",reserves,easy,eilat,29.6536379,34.999155,שעה-שעתיים,3,70,true,false,false,false,free,,1.5,
tiuli-113,שמורת טבע עין אפק,"יעד טיול בשמורת טבע בצפון הארץ — מסלול באורך כ-1 ק""מ, רמת קושי קלה.",reserves,easy,north,32.8475,35.1108,כחצי שעה,1,1459,false,false,false,false,free,,,
tiuli-32,שמורת טבע עין גדי - נחל דוד ונחל ערוגות,"יעד טיול בשמורת טבע באזור ים המלח ומדבר יהודה — מסלול באורך כ-8 ק""מ, רמת קושי בינונית.",reserves,medium,deadsea,31.466,35.3943,כ-3 שעות,8,2252,false,false,false,false,free,,,
lm-1cd785a2,שמורת טבע תל דן,שמורת טבע תל דן — שמורת טבע / מסלול באזור צפון,reserves,easy,north,33.2421211,35.6454181,,0,0,true,false,false,false,free,,,https://www.parks.org.il/reserve-park/%D7%A9%D7%9E%D7%95%D7%A8%D7%AA-%D7%98%D7%91%D7%A2-%D7%AA%D7%9C-%D7%93%D7%9F/
tiuli-162,שמורת יקום,"מסלול טיול בשמורת טבע, במרכז הארץ, באורך כ-3 ק""מ ברמת קושי קלה.",reserves,easy,center,32.2486,34.8372,כחצי שעה,3,1581,false,false,false,false,free,,,
tiuli-73,שמורת נוב: מרבדים של נרקיסים ואירוס הביצות,"טיול בשמורת טבע בצפון הארץ, באורך של כ-1 ק""מ ברמת קושי קלה.",reserves,easy,north,32.8348,35.798,כחצי שעה,1,1886,false,false,false,false,free,,,
tiuli-68,שמורת נחל תנינים,"יעד טיול בשמורת טבע בצפון הארץ — מסלול באורך כ-2 ק""מ, רמת קושי קלה.",reserves,easy,north,32.5442,34.9154,כחצי שעה,2,1581,false,false,false,false,free,,,
ein-prat,שמורת עין פרת (נחל פרת),"שמורת טבע במדבר יהודה סמוך לענתות, עם זרימת מים קבועה כל השנה בין צוקי קניון מרשימים - בריכות טבעיות, עצי אקליפטוס ענקיים ותצפית אל מנזר פארן העתיק. אחד ממקורות המים היפים והמפתיעים ביותר ליד ירושלים.",water,medium,jerusalem,31.8314794,35.3069669,2-3 שעות,4,150,true,false,false,true,paid,,2.5,
tiuli-35,שמורת פורה ותל נג'ילה,"יעד טיול בשמורת טבע בנגב ובדרום הארץ — מסלול באורך כ-6 ק""מ, רמת קושי קלה.",reserves,easy,south,31.5204,34.7765,כ-2 שעות,6,2435,false,false,false,false,free,,,
shaar-poleg-reserve,שמורת שער פולג,"שמורת טבע חופית קטנה בין נתניה לחדרה, עם רכסי כורכר ייחודיים, שלוחת נחל פולג הזורמת אל הים ושלל פריחת בר עונתית - פינת טבע פראית בלב מישור החוף הצפוף.",reserves,medium,center,32.256896,34.8425323,3-2.5 שעות,5,100,true,false,false,true,free,,2.75,https://www.maslulim-israel.co.il/tracks/%d7%91%d7%99%d7%9f-%d7%a8%d7%9b%d7%a1%d7%99-%d7%9b%d7%95%d7%a8%d7%9b%d7%a8-%d7%95%d7%a9%d7%9c%d7%9c-%d7%a4%d7%a8%d7%97%d7%99%d7%9d-%d7%91%d7%a9%d7%9e%d7%95%d7%a8%d7%aa-%d7%a9%d7%a2%d7%a8-%d7%a4%d7%95/
tel-dan-reserve,שמורת תל דן,"שמורת טבע ואתר מקראי בקצה הצפוני של ישראל, סביב מעיינות הדן - המקור העשיר ביותר של מי הירדן - עם שביל-מים צלול בצל עצי ערבה וצפצפה עתיקים, ותל ובו שער כנעני עתיק ומזבח ישראלי.",reserves,easy,north,33.2484674,35.651321,4-2 שעות,3,420,true,false,false,true,paid,,3,https://www.maslulim-israel.co.il/tracks/%d7%aa%d7%9c-%d7%93%d7%9f-%d7%91%d7%99%d7%9f-%d7%a4%d7%9c%d7%92%d7%99-%d7%94%d7%9e%d7%99%d7%9d-%d7%95%d7%94%d7%a2%d7%aa%d7%99%d7%a7%d7%95%d7%aa-%d7%91%d7%aa%d7%9c-%d7%93%d7%9f-%d7%91%d7%a2%d7%a7/
tiuli-67,שפך נחל שורק וחוף פלמחים,"טיול לאורך נחל ומקווי מים במרכז הארץ, באורך של כ-5 ק""מ ברמת קושי בינונית.",water,medium,center,31.934,34.723,כ-2 שעות,5,1520,false,false,false,false,free,,,
tiuli-280,שרונה - המושבה הטמפלרית בתל אביב,"טיול לאורך נחל ומקווי מים במרכז הארץ, באורך של כ-1.5 ק""מ ברמת קושי קלה.",water,easy,center,32.0732666874538,34.7873423248529,כחצי שעה,1.5,3045,false,false,false,false,free,,,
lm-187f416a,תל בית ירח,תל בית ירח — אתר מורשת / ארכיאולוגיה באזור צפון / גליל תחתון עמקים וגלבוע,archaeology,easy,north,32.71703,35.571261,,0,0,true,false,false,false,free,,,https://www.geonames.org/advanced-search.html?country=IL&q=Israeli
tel-beit-tzaida,תל בית ציידא,"תל ארכיאולוגי ברמת הגולן, מזוהה כבירת ממלכת גשור המקראית ולימים כעיר ביתסאידה מהברית החדשה - שער עתיק, ארמון מלכותי ותצפית אל בקעת הירדן ומצפון הכנרת.",archaeology,easy,north,32.91081,35.630906,עד שעה,0.45,90,true,false,false,false,paid,,1,https://www.maslulim-israel.co.il/tracks/%d7%aa%d7%9c-%d7%91%d7%99%d7%aa-%d7%a6%d7%99%d7%99%d7%93%d7%90-%d7%91%d7%99%d7%9f-%d7%a2%d7%aa%d7%99%d7%a7%d7%95%d7%aa-%d7%95%d7%a0%d7%95%d7%a4%d7%99%d7%9d-%d7%91%d7%aa%d7%9c-%d7%91%d7%99%d7%aa/
lm-f96fc723,תל בית שמש,תל בית שמש — אתר מורשת / ארכיאולוגיה באזור ירושלים / הרי יהודה והשפלה,archaeology,easy,jerusalem,31.750796,34.974873,,0,0,true,false,false,false,free,,,https://www.geonames.org/advanced-search.html?country=IL&q=Israeli
lm-66b42731,תל גודד,תל גודד — אתר מורשת / ארכיאולוגיה באזור ירושלים / הרי יהודה והשפלה,archaeology,easy,jerusalem,31.633864,34.90991,,0,0,true,false,false,false,free,,,https://www.geonames.org/advanced-search.html?country=IL&q=Israeli
lm-9a47dacf,תל גזר,תל גזר — אתר מורשת / ארכיאולוגיה באזור מרכז / השרון ומישור החוף,archaeology,easy,center,31.859872,34.919644,,0,0,true,false,false,false,free,,,https://www.geonames.org/advanced-search.html?country=IL&q=Israeli
lm-a0d652ff,תל חדיד,תל חדיד — תצפית / תל באזור מרכז / בן שמן,viewpoints,easy,center,31.9642,34.9508,,0,0,true,false,false,false,free,,,https://www.kkl.org.il/scenic_lookouts/
lm-5ccb91b7,תל חדיד שביער בן שמן,תל חדיד שביער בן שמן — יער / מסלול באזור מרכז / ירושלים והשפלה,archaeology,easy,center,31.9669444444,34.9527777778,,0,0,true,false,false,false,free,,,https://www.kkl.org.il/travel/trips/itineraries_for_families/itineraries_for_families_center/
lm-dd16fedb,תל חנתון,תל חנתון — אתר מורשת / ארכיאולוגיה באזור צפון / גליל תחתון עמקים וגלבוע,archaeology,easy,north,32.7859178,35.2562847,,0,0,true,false,false,false,free,,,https://www.geonames.org/advanced-search.html?country=IL&q=Israeli
tiuli-40,תל יודפת והר עצמון,"טיול במסלול הררי בצפון הארץ, באורך של כ-6 ק""מ ברמת קושי בינונית.",mountains,medium,north,32.841,35.2668,כ-2 שעות,6,2740,false,false,false,false,free,,,
lm-a7e7253d,תל יזרעאל,תל יזרעאל — אתר מורשת / ארכיאולוגיה באזור צפון / גליל תחתון עמקים וגלבוע,archaeology,easy,north,32.5578,35.3281,,0,0,true,false,false,false,free,,,https://www.geonames.org/advanced-search.html?country=IL&q=Israeli
lm-d3733ab2,תל ירמות,תל ירמות — אתר מורשת / ארכיאולוגיה באזור ירושלים / הרי יהודה והשפלה,archaeology,easy,jerusalem,31.707923,34.975151,,0,0,true,false,false,false,free,,,https://www.geonames.org/advanced-search.html?country=IL&q=Israeli
lm-8b5d0efb,תל לכיש,תל לכיש — אתר מורשת / ארכיאולוגיה באזור ירושלים / הרי יהודה והשפלה,archaeology,easy,jerusalem,31.565443,34.848845,,0,0,true,false,false,false,free,,,https://www.geonames.org/advanced-search.html?country=IL&q=Israeli
lm-9b7ed533,תל עדולם,תל עדולם — טיול / נקודת עניין באזור מרכז / ירושלים והשפלה,viewpoints,easy,center,31.65033,35.0028,,0,0,true,false,false,false,free,,,https://www.kkl.org.il/travel/trips/itineraries_for_families/itineraries_for_families_center/
tel-azekah,תל עזקה,"תל מקראי הצופה על עמק האלה - זירת קרב דוד וגלית - בתוך פארק בריטניה (יער יהודה), עם תצפית פנורמית מרשימה על השפלה ושדות החקלאות שמסביב.",archaeology,medium,center,31.69999,34.936008,2-1.5 שעות,2,130,true,false,false,false,free,,1.75,https://www.maslulim-israel.co.il/tracks/%d7%aa%d7%9c-%d7%a2%d7%96%d7%a7%d7%94-%d7%95%d7%aa%d7%a6%d7%a4%d7%99%d7%95%d7%aa-%d7%91%d7%a4%d7%90%d7%a8%d7%a7-%d7%91%d7%a8%d7%99%d7%98%d7%a0%d7%99%d7%94-%d7%9e%d7%a1%d7%9c%d7%95%d7%9c-%d7%98%d7%99/
lm-0bacd3ee,תל עמל,תל עמל — אתר מורשת / ארכיאולוגיה באזור צפון / גליל תחתון עמקים וגלבוע,archaeology,easy,north,32.50413196,35.45655814,,0,0,true,false,false,false,free,,,https://www.geonames.org/advanced-search.html?country=IL&q=Israeli
lm-3a7ce26d,תל צפית,תל צפית — אתר מורשת / ארכיאולוגיה באזור ירושלים / הרי יהודה והשפלה,viewpoints,easy,jerusalem,31.702,34.8474,,0,0,true,false,false,false,free,,,https://www.geonames.org/advanced-search.html?country=IL&q=Israeli
lm-964b84a1,תל צרעה,תל צרעה — אתר מורשת / ארכיאולוגיה באזור ירושלים / הרי יהודה והשפלה,archaeology,easy,jerusalem,31.774602,34.985869,,0,0,true,false,false,false,free,,,https://www.geonames.org/advanced-search.html?country=IL&q=Israeli
lm-b057c6db,תל קסילה,תל קסילה — אתר מורשת / ארכיאולוגיה באזור מרכז / השרון ומישור החוף,archaeology,easy,center,32.101404,34.795422,,0,0,true,false,false,false,free,,,https://www.geonames.org/advanced-search.html?country=IL&q=Israeli
tiuli-163,תל שוכה: גבעת התורמוסים,"טיול במסלול הררי בהרי ירושלים, באורך של כ-2 ק""מ ברמת קושי בינונית.",mountains,medium,jerusalem,31.685,34.9707,כחצי שעה,2,1642,false,false,false,false,free,,,
